Índice;Data;Bloco;Horário;Bairro;partida;dispersao
1;6 de Fevereiro - Sexta;Banda Bantantã Folia;16:00;Butantã;Av. Vital Brasil;Av.Valdemar Ferreira
2;6 de Fevereiro - Sexta;Bloco O Pinto do Visconde;17:00;Brás;R. Caetano Pinto;R. Caetano Pinto
4;7 de Fevereiro - Sábado;Bloco Amor Barato;09:00;Barra Funda;R. Barra Funda;R. Lavradio
5;7 de Fevereiro - Sábado;Bloco Urubózinho;09:00;Freguesia do Ó;Largo da Matriz de Nossa Senhora do Ó;Largo da Matriz de Nossa Senhora do Ó
6;7 de Fevereiro - Sábado;Integrafolia;09:00;Jardim Cliper;R. Cassiano dos Santos;R. Cassiano dos Santos
7;7 de Fevereiro - Sábado;Doentes da Sapucaí KIDS;09:00;Vila Mariana;R. Marselhesa;R.Marselhesa
8;7 de Fevereiro - Sábado;Carnafacul - Quem Pede, Pede;09:00;Vila Mariana;Ibirapuera - Av. Pedro Álvares Cabral;entre Obelisco e Monumento às Bandeiras
9;7 de Fevereiro - Sábado;Arrianu Suassunga;09:30;Pinheiros;R. Padre Carvalho;R. Padre Carvalho
10;7 de Fevereiro - Sábado;A Gente se Vira;10:00;Alto de Pinheiros;R. Vitorino de Carvalho;R. Vitorino de Carvalho
11;7 de Fevereiro - Sábado;Broco da Burocra;10:00;Campos Elíseos;R. Barão de Limeira;R. Souza Lima
12;7 de Fevereiro - Sábado;ASSOCIACAO RECREATIVA E CULTURAL BLOCO CARNAVALESCO BLOCO LOVE LIFE.;10:00;Nossa Senhora do O;R. Laguna;entre R. Bragança Paulista e R. Castro Verde
13;7 de Fevereiro - Sábado;Bloco Spandeiro;10:00;República;Pça. Dom José Gaspar;Pça. Dom José Gaspar
14;7 de Fevereiro - Sábado;Bloco do 13;10:00;República;R. Dr. Vila Nova;R. Marques de Itu
15;7 de Fevereiro - Sábado;Bloco Elástico;10:00;República;R. Desembargador Herótides da Silva Lima;R. Desembargador Herótides da Silva Lima
16;7 de Fevereiro - Sábado;Afose Vozes do Orun;10:00;Vila Diva;R. Carolina Soares;Pça. Antonio Velasco
17;7 de Fevereiro - Sábado;Bloco Sargento Pimenta;11:00;;R. dos Pinheiros 600;R. dos Pinheiros 54
18;7 de Fevereiro - Sábado;A Madonna Tá Aqui;11:00;Centro Histórico de São Paulo;Pateo do Colegio;R. Benjamin Constant
19;7 de Fevereiro - Sábado;Bloco Bahia Sampa;11:00;Centro Histórico de São Paulo;Av. Ipiranga;Pça. Ramos de Azevedo
20;7 de Fevereiro - Sábado;Bloco Bollywood;11:00;Consolação;R. Augusta 205;R. Augusta 
21;7 de Fevereiro - Sábado;Bloco do Abrava;11:00;Itaim Bibi;Av. Brigadeiro Faria Lima 4100;Av. Brigadeiro Faria Lima 4500
22;7 de Fevereiro - Sábado;Bloco Chinelo de Dedo;11:00;Lapa;Pça. Dr. Vicente Tramonte Garcia;Pça. Dr. Vicente Tramonte Garcia
23;7 de Fevereiro - Sábado;Bloco Casa Comigo;11:00;Pinheiros;R. Henrique Schaumann 567;R. Henrique Schaumann 125
24;7 de Fevereiro - Sábado;Bloco Meu Deus Que Sururu!;11:00;Pinheiros;R. Álvaro Anes;R. Padre Garcia Velho (vai e volta)
25;7 de Fevereiro - Sábado;Bloco da Abolição;12:00;Bela Vista;Pça. General Craveiro Lopes;Pça. General Craveiro Lopes
26;7 de Fevereiro - Sábado;Cordão Carnavalesco Kolombolo diá Piratininga;12:00;Bela Vista;R. Rui Barbosa;R. Conselheiro Carrão
27;7 de Fevereiro - Sábado;Bloco da OSE;12:00;Campo Belo;R. Cristóvão Pereira;R. Cristóvão Pereira
28;7 de Fevereiro - Sábado;Bloco de Rua Pode Entrar;12:00;Campo Belo;R. Forte do Triunfo;R. Forte do Triunfo
29;7 de Fevereiro - Sábado;Perdi foi Tudo;12:00;Consolação;R. Augusta 205;R. Augusta 
30;7 de Fevereiro - Sábado;Bloco da Piranha;12:00;Indianópolis;R. Estevão Lopes;R. Armando Fairbanks (Beco da USP)
31;7 de Fevereiro - Sábado;Bloco das Coelhinhas;12:00;Indianópolis;Al. dos Pamaris;Alameda dos Pamaris
32;7 de Fevereiro - Sábado;Acadêmicos do Ipanema;12:00;Jardim Ipanema(Zona Leste);R. Filippo Juvara;R. Filippo Juvara
33;7 de Fevereiro - Sábado;Bloco Ritaleena;12:00;Lapa;Av. Paulo VI 1529;Av. Paulo VI 
34;7 de Fevereiro - Sábado;Bloco Grande Família;12:00;Moema;Av. Moema;Av. Moema
35;7 de Fevereiro - Sábado;Belem Belem Agora eu To de Bem;12:00;Mooca;R. Taquari;R. Taquari
36;7 de Fevereiro - Sábado;Bloco dos Loves;12:00;Pinheiros;R. Anna Campos Mellão;R. Anna Campos Mellão
37;7 de Fevereiro - Sábado;Associação Cultural Bloco de Rua Barracão Folia;12:00;Pompeia;R. Caraíbas;R. Caraíbas
38;7 de Fevereiro - Sábado;Cordão do Póica Russa;12:00;Vila Andrade;R. Frei Duarte Jorge de Mendonça (entre R. Eduardo Ambuda e R. Dr. Soter de Faria);R. Frei Duarte Jorge de Mendonça (entre R. Eduardo Ambuda e R. Dr. Soter de Faria)
39;7 de Fevereiro - Sábado;Batucada de Nego Véio, Velha Guarda de Bambas;12:00;Vila Esperança;R. Maria Carlota;R. Maria Carlota
40;7 de Fevereiro - Sábado;Bloco Lanterna Prime;12:00;Vila Mariana;R. Aspicuelta;R. Inácio Pereira da Rocha
41;7 de Fevereiro - Sábado;Forrozin;12:00;Vila Mariana;Ibirapuera - Av. Pedro Álvares Cabral;entre Obelisco e Monumento as Bandeiras
42;7 de Fevereiro - Sábado;Bloco Cavaleiros de Doçu;12:00;Vila Água Funda;R. Rosa de Moraes;R. Foz do Jutaí.
43;7 de Fevereiro - Sábado;Os Arrebatados (Baby do Brasil);13:00;;Av. Brigadeiro Faria Lima 4100;Av. Brigadeiro Faria Lima 4500
44;7 de Fevereiro - Sábado;Bloco Magia;13:00;Barra Funda;R. Laguna;entre R. Bragança Paulista e R. Castro Verde
45;7 de Fevereiro - Sábado;Bloco do Amor;13:00;Barra Funda;R. Barra Funda;R. Barra Funda
46;7 de Fevereiro - Sábado;Bloco Ilariê;13:00;Barra Funda;07/02/2026 07/02/2026;07/02/2026 
47;7 de Fevereiro - Sábado;Perdendo a Linha;13:00;Butantã;R. Reg. León Kaniefsky;R. Reg. León Kaniefsky
48;7 de Fevereiro - Sábado;Bloco do Guerra;13:00;Campo Belo;R. Cristóvão Pereira;R. Cristóvão Pereira
49;7 de Fevereiro - Sábado;Bloco Afro Pioneiros do Samba Reggae;13:00;Centro Histórico de São Paulo;Av. Ipiranga;Praça Ramos de Azevedo.
50;7 de Fevereiro - Sábado;Bloco Vegas;13:00;Chácara Santo Antônio (Zona Sul);R. Capitão Otávio Machado 583;R. Capitão Otávio Machado 818
51;7 de Fevereiro - Sábado;BLOCO LIBERTE A IVONETE;13:00;Chácara Santo Antônio (Zona Sul);R. Henri Durant;R. Henri Durant
52;7 de Fevereiro - Sábado;Bloco da Salete Campari;13:00;Consolação;R. Augusta 205;R. Augusta 
53;7 de Fevereiro - Sábado;Gremio Recreativo e Cultural do Imirim Brás Pereira Banda Show;13:00;Imirim;R. João Roque;R. João Roque
54;7 de Fevereiro - Sábado;Bloco do Onze;13:00;Ipiranga;R. Amadis;R. Aida
55;7 de Fevereiro - Sábado;BLOCO BALACO BACO;13:00;Itaim Bibi;R. Tamandaré Toledo 190;R. Tamandaré Toledo 21
56;7 de Fevereiro - Sábado;Mi Interna Que tô Loko;13:00;Jardim Maracana;R. Macururé (ida e volta);R. Macururé (ida e volta)
57;7 de Fevereiro - Sábado;Bagaceira;13:00;Lapa;R. Guaricanga 530;R. Guaricanga 50
58;7 de Fevereiro - Sábado;Associação Recreativa e Cultural Bloco Carnavalesco Akió;13:00;Nossa Senhora do O;Casa de Cultura da Freguesia do Ó;volta no entorno da praça
59;7 de Fevereiro - Sábado;G.R.C.S Bloco Garoterror;13:00;Parque Cisper;R. Barra de Santa Rosa;R. Barra de Santa Rosa
60;7 de Fevereiro - Sábado;Bloco Caldeirão Sem Fundo;13:00;Parque Edu Chaves;R. Tenente Ângelo Zampero;R. Tenente Ângelo Zampero
61;7 de Fevereiro - Sábado;Instituto Cultural e Bloco Carnavalesco Renascer;13:00;Parque São Lourenço;R. Forte do Triunfo;R. Forte do Triunfo
62;7 de Fevereiro - Sábado;Bloco Cacique Social Club;13:00;Penha de França;Largo do Rosário - Igreja Nossa Senhora Do Rosário dos Homens de Preto;Largo do Rosário - Igreja Nossa Senhora Do Rosário dos Homens de Preto
63;7 de Fevereiro - Sábado;Cordão do Sanatório Geral;13:00;Perdizes;R. Minerva;R. Minerva
64;7 de Fevereiro - Sábado;Bloco do Binguelo;13:00;Pinheiros;R. Mateus Grou 645;R. Mateus Grou 240
65;7 de Fevereiro - Sábado;Grêmio Recreativo Bloco Nu Interessa;13:00;Pinheiros;R. Filinto de Almeida;R. Filinto de Almeida
66;7 de Fevereiro - Sábado;México Pra baixo;13:00;Pinheiros;R. Antonio Bicudo;R. Antonio Bicudo
67;7 de Fevereiro - Sábado;Vamo Que Vai Ser Legal!;13:00;Pinheiros;R. dos Pinheiros;R. dos Pinheiros
68;7 de Fevereiro - Sábado;Bloco do Rock SP;13:00;Pinheiros;R. dos Pinheiros 800;R. dos Pinheiros 315
69;7 de Fevereiro - Sábado;Bloco Unidos do Inconsciente;13:00;Pompeia;Pça. Rio dos Campos;Pça. Rio dos Campos
70;7 de Fevereiro - Sábado;Passaram a mão na Pompéia;13:00;Pompeia;R. Ministro Ferreira Alves;R. Ministro Ferreira Alves
71;7 de Fevereiro - Sábado;Bloco Xique Xique do Cairo;13:00;República;R. Pedro Américo;R. Pedro Américo
72;7 de Fevereiro - Sábado;BATEKOO - Bloco de Carnaval;13:00;Sé;Av. São João;Av. São João
73;7 de Fevereiro - Sábado;Bloco Paixão Mangueirense;13:00;Sé;Beco dos Aflitos;Pça. Ministro Costa Manso
74;7 de Fevereiro - Sábado;Bloco Vacas Profanas;13:00;Vila Anglo Brasileira;Tv. João Matias;Tv. Roque Adóglio
75;7 de Fevereiro - Sábado;Xaranga da Pompeia;13:00;Vila Anglo Brasileira;R. Ministro Sinésio Rocha;R. Ministro Sinésio Rocha
76;7 de Fevereiro - Sábado;Bloco Unidos do Acarajé;13:00;Vila Buarque;R. Martim Francisco;R.Martim Francisco
77;7 de Fevereiro - Sábado;Bloco Amigos do Gelo;13:00;Vila Diva;R. Cel. Joaquim de Freitas;Pça. Canaã
78;7 de Fevereiro - Sábado;Espirituosos do Largo Nossa Senhora do Bom Parto;13:00;Vila Gomes Cardim;Lgo. N.S. do Bom Parto;Lgo. N.S. do Bom Parto
79;7 de Fevereiro - Sábado;Bloco da Bene!;13:00;Vila Invernada;R. General Argolo 601;R. General Argolo 206
80;7 de Fevereiro - Sábado;Bloco Carnavalesco Leopoldina;13:00;Vila Leopoldina;R. Carlos Weber 988;R. Carlos Weber 420
81;7 de Fevereiro - Sábado;Bloco Besta é Tu;13:00;Vila Madalena;R. Wizard;R. Wizard
82;7 de Fevereiro - Sábado;Doentes da Sapucaí;13:00;Vila Mariana;R. Marselhesa;R. Marselhesa
83;7 de Fevereiro - Sábado;Unidos da Ressaca do Diabo;13:00;Vila Nova Conceição;Av. Helio Pellegrino 200;Av. Helio Pellegrino 800
84;7 de Fevereiro - Sábado;Associação Bloco Carnavalesco água Ardente;13:00;Vila Palmeiras;R. Antônio Rates;R. Antônio Rates
85;7 de Fevereiro - Sábado;Bloco Carnavalesco Lule;13:00;Vila Palmeiras;Av. Antônio Munhoz Bonilha;Av. Antônio Munhoz Bonilha
86;7 de Fevereiro - Sábado;Desculpa Qualquer Coisa;14:00;;Pça. Marechal Deodoro;Pça. Alfredo Paulino
87;7 de Fevereiro - Sábado;Bloco Classe A - Barra Funda;14:00;Barra Funda;R. Dr. Sérgio Meira;R. Dr. Sérgio Meira
88;7 de Fevereiro - Sábado;Bloco Ressaca do Cambuci;14:00;Cambuci;Lgo. do Cambuci;R. Luís Gama
89;7 de Fevereiro - Sábado;Bloco Olha o Sucesso;14:00;Cerqueira César;R. da Consolação;Al. Jaú
90;7 de Fevereiro - Sábado;Bloco do Ze Pereira;14:00;Jabaquara;R. Anita Costa;R. Onze de Fevereiro
91;7 de Fevereiro - Sábado;G.R.C.E.S Unidos do J.D Primavera;14:00;Jardim Ana Lucia;R. Francisco de Caldas;Pça. João Beiçola da Silva
92;7 de Fevereiro - Sábado;Cordão do Congo;14:00;Jardim Maristela;R. Raulino Galdino da Silva;R. Manoel de Souza Azevedo
93;7 de Fevereiro - Sábado;Bloco dos Trancos;14:00;Parque São Jorge;R. Santa Catarina;R. Santa Catarina
94;7 de Fevereiro - Sábado;Bloco calçada do Samba do Jd. Almanara;14:00;Pinheiros;R. Inácio Xavier de Carvalho;R. Inácio Xavier de Carvalho
95;7 de Fevereiro - Sábado;Bloco do Baligão;14:00;Pinheiros;R. João Moura 595;R. João Moura 769
96;7 de Fevereiro - Sábado;Bloco Toca Um Samba Aí;14:00;Pinheiros;R. Henrique Schaumann 567;R. Henrique Schaumann 125
97;7 de Fevereiro - Sábado;Castelo Rá-Tim-Bloco;14:00;Pinheiros;R. Padre João Gonçalves;R. Padre João Gonçalves
98;7 de Fevereiro - Sábado;O Fabuloso Bloco Amelie Pulando;14:00;Pinheiros;R. Vupabussu;R. Costa Carvalho
99;7 de Fevereiro - Sábado;Queimando a Largada;14:00;República;R. Dr. Braulio Gomes;R. Dr. Bráulio Gomes
100;7 de Fevereiro - Sábado;Acadêmicos da Ursal;14:00;Vila Buarque;R. Fortunato;R. Fortunato
101;7 de Fevereiro - Sábado;A Bruxa ta Solta;14:00;Vila Isolina Mazzei;R. Quedas 500;R. Quedas 200
102;7 de Fevereiro - Sábado;Unidos Venceremos;14:00;Vila Madalena;R. Girassol;R. Simpatia
103;7 de Fevereiro - Sábado;Bicho Maluco Beleza, com Alceu Valença;14:00;Vila Mariana;Ibirapuera - Av. Pedro Álvares Cabral;entre Obelisco e Monumento as Bandeiras
104;7 de Fevereiro - Sábado;Bloquinho Atitude;14:00;Vila Monumento;R. Gaspar Fernandes;R. Frederico Von Martius
105;7 de Fevereiro - Sábado;Bloco Pedra no Rim;14:30;Mooca;R. Itapira;R. Itapira
106;7 de Fevereiro - Sábado;Bloco Pracinha;14:30;Santa Terezinha;R. Santo Egídio;R. Santo Egídio
107;7 de Fevereiro - Sábado;Bloco Eletro Afro Muriçoca Soul;15:00;Centro Histórico de São Paulo;R. Santo Antônio;R. Major Diogo
108;7 de Fevereiro - Sábado;Associação Cultural e Social Nova Geração - Breja no Bloco;15:00;Jardim Oriental;R. Matuim;R. Matuim
109;7 de Fevereiro - Sábado;Bloco Wadaiko Sho;15:00;Liberdade;R. Galvão Bueno;R. Santa Luzia
110;7 de Fevereiro - Sábado;Bloco Carnavalesco tô no Vermelho;15:00;República;Lgo. do Arouche;Av. Ipiranga
111;7 de Fevereiro - Sábado;Bloco das Putas Vampiras;15:00;República;Lgo. do Paissandu;Pça. Ramos de Azevedo (em frente a Theatro Municipal)
112;7 de Fevereiro - Sábado;Bloco carnavalesco Todos na Contra mão;15:00;Santana;R. Cel. Lúcio Rosales;R. Cel. Lúcio Rosales
113;7 de Fevereiro - Sábado;Bloco Turma do Funil Vila Mariana;15:30;Vila Clementino;R. Agostinho Rodrigues Filho;R. Agostinho Rodrigues Filho
114;7 de Fevereiro - Sábado;Blocos dos Sem Tetos;16:00;Centro Histórico de São Paulo;Av. São João;Av. São João
115;7 de Fevereiro - Sábado;Batuca- Bresser;16:00;Mooca;R. Dr. Almeida Lima;R. Dr. Almeida Lima
116;7 de Fevereiro - Sábado;Gringolôco;16:00;Pinheiros;R. Inácio Pereira da Rocha 385;R. Inácio Pereira da Rocha 231
117;7 de Fevereiro - Sábado;Carnacol Folia;16:00;Vila Marilena;R. Jackson Pollock;R. Jackson Pollock
119;8 de Fevereiro - Domingo;Bloquinho Infantil Fraldinha Molhada;08:00;Ipiranga;R. José Oscar Abreu Sampaio 310;R. José Oscar Abreu Sampaio 187
120;8 de Fevereiro - Domingo;Baco do Parangolé;09:00;Barra Funda;R. Antônio Nagib Ibrahim;R. Tenente Lycurgo Lopes da Cruz
121;8 de Fevereiro - Domingo;Bloquinho Infantil Maria Maluquinha;09:00;Ipiranga;R. dos Sorocabanos;R. dos Sorocabanos
122;8 de Fevereiro - Domingo;Bloco Urubó;09:00;Pinheiros;Largo da Matriz de Nossa Senhora do Ó;Largo da Matriz de Nossa Senhora do Ó
123;8 de Fevereiro - Domingo;Bloco Quizomba;09:00;Pinheiros;R. Henrique Schaumann 567;R. Henrique Schaumann 125
124;8 de Fevereiro - Domingo;Bloco Tatuzinho;09:00;Pompeia;R. Serra de Botucatu;R. Serra de Botucatu
125;8 de Fevereiro - Domingo;Bloco Sainha de Chita;09:00;Pompeia;Pça. Rio dos Campos;Pça. Rio dos Campos
126;8 de Fevereiro - Domingo;Xeró NuZoi Pré Carnaval;10:00;Balneário Mar Paulista;R. do Sossego 482;R. do Sossego 106
127;8 de Fevereiro - Domingo;Bloco Carnavalesco Casa de Dona Yayá;10:00;Bela Vista;R. Coração da Europa;Casa de Dona Yayá
128;8 de Fevereiro - Domingo;Cordão Carnavalesco Espalha Torresmo;10:00;Bela Vista;R. Treze de Maio;Pça. Dom Orione
129;8 de Fevereiro - Domingo;Bloco Eco Campos Pholia;10:00;Chácara Santana;Av. Luiz Gushiken;Av. Luiz Gushiken
130;8 de Fevereiro - Domingo;Bloquinho Gente Miúda;10:00;Perdizes;Av. Prof. Alfonso Bovero;Av. Prof. Alfonso Bovero
131;8 de Fevereiro - Domingo;Cortejo do Menino de Ouro;10:00;Vila Buarque;R. Barão de Tatui;R. Imaculada Conceição
132;8 de Fevereiro - Domingo;Masca folia;11:00;Conjunto Habitacional Marechal Mascarenhas de Morais;R. Sgt. Luís Rodrigues Filho;R. Sgt. Feliz Marqueti. R. Sgt. Aires Silva Dias
133;8 de Fevereiro - Domingo;Bloco Skol;11:00;Consolação;R. Da Consolação 2101;R. Da Consolação 585
134;8 de Fevereiro - Domingo;Bloco infantil Vem Erê!;11:00;Jardim Ester;Praça Zaphira Vieira Leite;Praça Zaphira Vieira Leite
135;8 de Fevereiro - Domingo;Bloco Boêmios da Ipojuca;11:00;Lapa;Pça. São Crispim;Pça. Dr. Cipriano de Moraes
136;8 de Fevereiro - Domingo;Bloco Camarão Seco;11:00;Lapa;Pça. Dr. Vicente Tramonte Garcia;Pça. Dr. Vicente Tramonte Garcia
137;8 de Fevereiro - Domingo;Bloco do ó;11:00;Pinheiros;R. Horacio Lane;R. Simão Álvares
138;8 de Fevereiro - Domingo;Cordão Carnavalesco Confraria do Pasmado;11:00;Pinheiros;R. dos Pinheiros 1037;R. dos Pinheiros 57
139;8 de Fevereiro - Domingo;Bloco do Chá;11:00;Santo Amaro;R. Laguna;entre R. Bragança Paulista e R. Castro Verde
140;8 de Fevereiro - Domingo;Carnaval Boliviano (Associação Cultural folclórica Bolívia Brasil);12:00;Bom Retiro;R. José Paulino 577;R. José Paulino 07
141;8 de Fevereiro - Domingo;Bloco do Risca Fada;12:00;Campos Elíseos;Al. Barão de Limeira 1524;Al. Barão de Limeira 671
142;8 de Fevereiro - Domingo;Bloco Boli;12:00;Centro Histórico de São Paulo;Pça. Antônio Prado;Lgo. do Café
143;8 de Fevereiro - Domingo;PHOLIA 2026;12:00;Itaim Bibi;R. Tamandaré Toledo 190;R. Tamandaré Toledo 21
144;8 de Fevereiro - Domingo;Bloco Carnamauri;12:00;Jardim Europa;R. Capitão Francisco Padilha;R. Baviera
145;8 de Fevereiro - Domingo;Cordão Carnavalesco da Dona Micaela;12:00;Pinheiros;R. João Ribeiro;R. Dr. Almeida Nogueira
146;8 de Fevereiro - Domingo;Bloco do Preto;12:00;Pinheiros;R. Joaquim Antunes;R. dos Pinheiros.
147;8 de Fevereiro - Domingo;Banda do Fuxico;12:00;República;Av. Vieira de Carvalho;Lgo. do Arouche.
148;8 de Fevereiro - Domingo;Bloco da Cantareira;12:00;Tremembé;Pça. Mariquinha Sciascia 26;Pça. Mariquinha Sciascia 64
149;8 de Fevereiro - Domingo;Bloco Paradinho (antigo Sotero);12:00;Vila Buarque;R. Aureliano Coutinho;R. Aureliano Coutinho
150;8 de Fevereiro - Domingo;Quintal dos Pretos;12:00;Vila Mariana;Ibirapuera - Av. Pedro Álvares Cabral;entre Obelisco e Monumento às Bandeiras
151;8 de Fevereiro - Domingo;Sambão;13:00;;R. Henrique Schaumann 567;R. Henrique Schaumann 125
152;8 de Fevereiro - Domingo;Bloco da Lexa;13:00;Barra Funda;Av. Marquês de São Vicente 230;Av. Marquês de São Vicente 658
153;8 de Fevereiro - Domingo;Bloco da Ursal;13:00;Barra Funda;R. Lavradio;R. Lavradio
154;8 de Fevereiro - Domingo;Bloco Feminista;13:00;Barra Funda;R. João de Barros;R. João de Barros
155;8 de Fevereiro - Domingo;Bloco Klezmer do Bom Retiro;13:00;Bom Retiro;R. Correia de Melo;R. Correia de Melo
156;8 de Fevereiro - Domingo;Bloco do Rei;13:00;Chácara Santana;Av. Luiz Gushiken;Av. Luiz Gushiken
157;8 de Fevereiro - Domingo;Bloco Toca Raulzito;13:00;Fazenda Aricanduva;R. Gustavo Geley;R. Gustavo Geley
158;8 de Fevereiro - Domingo;Bloco #VemDançar;13:00;Imirim;Av. Engenheiro Caetano Álvares 6580;Av. Engenheiro Caetano Álvares 7900
159;8 de Fevereiro - Domingo;Bloco Galera da Rampa;13:00;Jardim Itaoca;Av. Prof. Dr. Telêmaco Hippolyto de Macedo Van Langendonck 146 (lado oposto da adega itaoca);Av. Prof. Dr. Telêmaco Hippolyto de Macedo Van Langendonck 
160;8 de Fevereiro - Domingo;Bloco Luziânia;13:00;Jardim Nordeste;R. Luziania;R. da Padroeira e R. Luziania
161;8 de Fevereiro - Domingo;Bloco Carnavalesco Atrás do Copo;13:00;Jardim dos Lagos;R. Dr. Rui Rodrigues Doria;R. das Paineiras
162;8 de Fevereiro - Domingo;Bloco Em Cima da Hora Futebol e Samba;13:00;Limão;R. Benedito Augusto Ferreira;R. Benedito Augusto Ferreira
163;8 de Fevereiro - Domingo;Adega do Miro;13:00;Parque Peruche;R. Dr. Gabbriel Covelli;R. Armando Coelho Silva
164;8 de Fevereiro - Domingo;Bloco do Chuvisco;13:00;Pinheiros;R. dos Pinheiros 1037;R. dos Pinheiros 57
165;8 de Fevereiro - Domingo;Bloco Nois Trupica Mas não Cai;13:00;Pinheiros;R. Belmiro Braga;R. Girassol
166;8 de Fevereiro - Domingo;Bloco de Pífanos de São Paulo;13:00;Planalto Paulista;Al. dos Guaicanas;Av. José Maria Whitaker
167;8 de Fevereiro - Domingo;Bloco Folia Sem Fim;13:00;São João Climaco;R. São Silvestre;R. São Silvestre
168;8 de Fevereiro - Domingo;Guarani Folia;13:00;Vila Guarani;R. Lussanvira;Pça. Barão de Japurá
169;8 de Fevereiro - Domingo;Banda Grone's - G.C.E. Grone's;13:00;Vila Leopoldina;R. Dr. Saturnino Villalva;R. Dr. Saturnino Villalva
170;8 de Fevereiro - Domingo;Tins e Bens e Tais;13:00;Vila Madalena;R. Wisard;R. Fidalga
171;8 de Fevereiro - Domingo;Bloco Toca;13:00;Vila Nova Conceição;Av. Brigadeiro Faria Lima 4150;Av. Brigadeiro Faria Lima 4500
172;8 de Fevereiro - Domingo;Conselho do Samba;14:00;;R. dos Gerânios 53;R. dos Gerânios 241
173;8 de Fevereiro - Domingo;Bloco Vou de Táxi;14:00;Chácara Santana;Av. Brigadeiro Faria Lima 4150;Av. Brigadeiro Faria Lima 4500
174;8 de Fevereiro - Domingo;Bloco do Fico;14:00;Ipiranga;R. Silvia Bueno;R. Silva Bueo
175;8 de Fevereiro - Domingo;Bloco Boca (Antigo Bloco Boca de Veludo);14:00;Itaim Bibi;Av. Brigadeiro Faria Lima 4100;Av. Brigadeiro Faria Lima 4500
176;8 de Fevereiro - Domingo;Bloco Afro Percussivo Batuquedum;14:00;Morro do índio;R. Gabriel Carozza;R. Antônio Fortinho e R. Gabriel Carozza
177;8 de Fevereiro - Domingo;Bloco do Paulicéia;14:00;Parada Inglesa;Av. Águas de São Pedro;Pça. Lions
178;8 de Fevereiro - Domingo;Gremio Recreativo Bloco do Policarpo Maluco;14:00;Parque Mandaqui;Pça. Dr. Policarão de Magalhães Viotti;Pça. Dr. Policarão de Magalhães Viotti
179;8 de Fevereiro - Domingo;Bloco do Eugênio - Caça e Caçador;14:00;Pinheiros;R. Vupabussu;R. Ferreira de Araujo
180;8 de Fevereiro - Domingo;O Bloco das Pretas de são Mateus;14:00;Planalto Paulista;R. Sebastião de Mendonça 13;R. Sebastião de Mendonça 109
181;8 de Fevereiro - Domingo;Bloco Modo Surto;14:00;Santo Amaro;R. Laguna;entre R. Bragança Paulista e R. Castro Verde
182;8 de Fevereiro - Domingo;Bloco Gal ToTal;14:00;Vila Nova Conceição;Pça. Elis Regina;Pça. Elis Regina
183;8 de Fevereiro - Domingo;Burburinho;15:00;;R. Caetano Velasco;R. Quatá
184;8 de Fevereiro - Domingo;Unidos da Barra Funda;15:00;Barra Funda;R. Ribeiro de Almeida;R. Ribeiro de Almeida
185;8 de Fevereiro - Domingo;Afro Axé Kalifa;15:00;Cidade Tiradentes;Av. dos Metalúrgicos;R. Iguarapé da Missão
186;8 de Fevereiro - Domingo;Bloco do Jatobá;15:00;Conjunto Residencial José Bonifácio;R. Giácomo Quirino;Av. Nagib Farah Maluf
187;8 de Fevereiro - Domingo;Acadêmicos do Baixo Augusta;15:00;Consolação;R. da Consolação 2101;R. da Consolação 585
188;8 de Fevereiro - Domingo;Bloco Jah é;15:00;Freguesia do Ó;Largo da Matriz de Nossa Senhora do Ó;Largo da Matriz de Nossa Senhora do Ó
189;8 de Fevereiro - Domingo;Monobloco;15:00;Vila Mariana;Ibirapuera - Av. Pedro Álvares Cabral;entre Obelisco e Monumento às Bandeiras
190;8 de Fevereiro - Domingo;Bloco Afro Afirmativo Ilu Inã;15:30;Morro do índio;R. Apa;R. Apa
191;8 de Fevereiro - Domingo;Amigos Da Fiel Tiradentes;16:00;Cidade Tiradentes;Av. dos Metalúrgicos;R. Senador Nelson Carneiro
192;8 de Fevereiro - Domingo;Gringolôco;16:00;Pinheiros;R. Inácio Pereira da Rocha 385;R. Inácio Pereira da Rocha 231
193;8 de Fevereiro - Domingo;Megabloco do Fervo - O Maior da Zona Norte;16:00;Santana;R. Cel. Lúcio Rosales;R. Cel. Lúcio Rosales
195;9 de Fevereiro - Segunda;Banda Redonda;17:30;Vila Buarque;R. Theodoro Baima;R. Theodoro Baima
197;10 de Fevereiro - Terça;Bloco UMES Caraspintadas;17:00;Bela Vista;R. Rui Barbosa;R. Rui Barbosa
199;11 de Fevereiro - Quarta;Banda do Candinho;19:00;Bela Vista;R. Treze de Maio;R. Treze de Maio.
201;13 de Fevereiro - Sexta;Banda do Trem Elétrico;18:00;Consolação;R. Augusta;R. da Consolação
202;13 de Fevereiro - Sexta;Bloco Afro Ilú Obá De Min;19:00;República;Pça.da Republica;Lgo. do Paissandu
204;14 de Fevereiro - Sábado;Manada;08:00;Barra Funda;R. Conselheiro Brotero;R. Sousa Lima
205;14 de Fevereiro - Sábado;Pernas de Saracura;08:30;Bela Vista;R. Treze de Maio;Treze de Maio
206;14 de Fevereiro - Sábado;Quanto mais CEDO, melhor!;09:00;Bela Vista;R. Treze de Maio;R. Treze de Maio
207;14 de Fevereiro - Sábado;Bloco Bem Bahia;09:00;Bela Vista;R. Conselheiro Ramalho;R. Conselheiro Ramalho
208;14 de Fevereiro - Sábado;Unidos da Vila;09:00;Consolação;R. Irmã Clotilde;R. João Ubiali
209;14 de Fevereiro - Sábado;Bloco Me Viram no Ipiranga;09:00;Vila Monumento;R. dos Patriotas;R. Bom Pastor e R. dos Patriotas
210;14 de Fevereiro - Sábado;Filhos de Plutão;09:00;Vila Romana;Pça. Jesuino Bandeira;R. Vespasiano
211;14 de Fevereiro - Sábado;Bloco Flor do Desejo;09:00;Água Branca;Praça Cornélia;Praça Cornélia
212;14 de Fevereiro - Sábado;Comparsa Medio Mundo;10:00;Bela Vista;R. Treze de Maio;R. Luiz Porrio
213;14 de Fevereiro - Sábado;Bloco dos Bancários;10:00;Centro Histórico de São Paulo;R. XV de Novembro;R. XV de Novembro e R. São Bento.
214;14 de Fevereiro - Sábado;Bloco Segura a Onça;10:00;Centro Histórico de São Paulo;R. Bento Freitas;R. Marquês de Itu e R. Bento Freitas
215;14 de Fevereiro - Sábado;Bloco Besame Mucho;10:00;Itaim Bibi;Av. Brigadeiro Faria Lima 4100;Av. Brigadeiro Faria Lima 4500
216;14 de Fevereiro - Sábado;TREZEROOTS;10:00;Jardim Japao;R. Kobe;R. Kobe
217;14 de Fevereiro - Sábado;C.U.N.T. Brasil;10:00;Pinheiros;R. Wisard;R. Fradique Coutinho
218;14 de Fevereiro - Sábado;BLOCO AFRIKALIENTE;10:00;República;R. 24 de Maio;Av.Ipiranga
219;14 de Fevereiro - Sábado;Bloco Laço Branco;10:00;República;Pça. da Republica;R. Xavier de Toledo
220;14 de Fevereiro - Sábado;Djongador o Bloco;10:00;República;Av. São Joao;Theatro Municipal
221;14 de Fevereiro - Sábado;ENCRUZILHADAS -FOLIA DO TEATRO ESTUDANTIL;10:00;Santa Cecilia;R. Adolfo Gordo;Pça. Olavo Bilac
222;14 de Fevereiro - Sábado;Bloco Carimbolando;10:00;Vila Buarque;R. Martim Francisco;R. Martim Francisco
223;14 de Fevereiro - Sábado;Bloco Amorikids;10:00;Vila Mariana;Av. Eng. Luiz Gomes Cardim Sangirardi;Av. Eng. Luiz Gomes Cardim Sangirardi
224;14 de Fevereiro - Sábado;Bloquinho da Miúda;10:30;Pompeia;R. Coronel Melo de Oliveira;R. Coronel Melo de Oliveira
225;14 de Fevereiro - Sábado;Bloco da Lisa 2026;11:00;Consolação;R. Augusta 205;R. Augusta 
226;14 de Fevereiro - Sábado;Fico fei nunca 2025;11:00;Lapa;Av. Paulo VI 1529;Av. Paulo VI 
227;14 de Fevereiro - Sábado;Bloco Vem Quem Quer;11:00;Parque Residencial Cocaia;R. Gilberto Freyre;R. Vereador Gomes de Moraes Neto
228;14 de Fevereiro - Sábado;Samby Junior SP;11:00;República;Lgo. do Arouche;Av. Ipiranga (Edifício Copan)
229;14 de Fevereiro - Sábado;Tarado Ni Você;11:00;República;Av. Ipiranga;Teatro Municipal
230;14 de Fevereiro - Sábado;Acadêmicos da Barra Funda;11:00;Várzea da Barra Funda;Av. Marquês de São Vicente 230;Av. Marquês de São Vicente 658
231;14 de Fevereiro - Sábado;Acadêmicos do Gato Mia;11:00;Água Branca;R. Faustolo 809;R. Faustolo 63
232;14 de Fevereiro - Sábado;Rita Seixas Raul Lee;12:00;;R. João Pedro Lecor;R. João Pedro Lecor
233;14 de Fevereiro - Sábado;Bloco Je Treme Mon Amour;12:00;Bela Vista;R. Rui Barbosa;Pça. Dom Orione
234;14 de Fevereiro - Sábado;Vra power o bloco;12:00;Consolação;R. Augusta 205;R. Augusta 
235;14 de Fevereiro - Sábado;Xeró NuZoi;12:00;Jurubatuba;R. Agostino Togneri 555;R. Agostino Togneri 400
236;14 de Fevereiro - Sábado;So pra ter o que fazer;12:00;Parque Peruche;R. Antonio Cavazzam;R. Antonio Cavazzam
237;14 de Fevereiro - Sábado;Bloco Tardes de Emoriô;12:00;República;Av. Ipiranga;Av. São João
238;14 de Fevereiro - Sábado;BLOCO DO ZIRIGUIDUM;12:00;Sumarezinho;R. Fidalga;R. Fidalga
239;14 de Fevereiro - Sábado;Bloco Dramas de Sapatão;12:00;Sé;R. Santa Isabel;R. Santa Isabel
240;14 de Fevereiro - Sábado;O Samba Canta Histórias;12:00;Sé;R. Roberto Simonsen;Pça. Antônio prado
241;14 de Fevereiro - Sábado;Boca 36;12:00;Tatuapé;R. Maria José da Costa;R. Maria José da Costa
242;14 de Fevereiro - Sábado;Bloco Siga La Pelota;12:00;Vila Mariana;Pça. Angel Ramirez;Pça. Angel Ramirez
243;14 de Fevereiro - Sábado;Carna Lau;12:00;Vila Mariana;Ibirapuera - Av. Pedro Álvares Cabral;entre Obelisco e Monumento às Bandeiras
244;14 de Fevereiro - Sábado;Bloco dos Coleira;12:00;Vila Santista;Tv. Francisco Adriani;Tv. Francisco Adriani
245;14 de Fevereiro - Sábado;Bloco do Geraldinho;12:00;Vila Sofia;R. Frei Canisio 30;R. Frei Canisio 169
246;14 de Fevereiro - Sábado;Bloco do boi;12:10;Sacomã;Na R. Izonzo do número 459;R. Izonzo do número 397
247;14 de Fevereiro - Sábado;CarNaFest;12:20;Conjunto Habitacional Jova Rural;R. Antônio Sérgio de Matos;R. João Mendes Araújo
248;14 de Fevereiro - Sábado;Torcidatoatoa;13:00;;R. Andréa Della Robbia;R. Andréa Della Robbia
249;14 de Fevereiro - Sábado;Vai Quadricular;13:00;;R. Caraibas;R. Palestra Itália
250;14 de Fevereiro - Sábado;Bloco 77 - Os Originais do Punk;13:00;Barra Funda;R. Barra Funda;R. Barra Funda
251;14 de Fevereiro - Sábado;Brega Bloco;13:00;Bela Vista;R. Treze de Maio;R. Treze de Maio
252;14 de Fevereiro - Sábado;Furduncio Sampa;13:00;Campos Elíseos;R. João Monteiro;Al. Barão de Limeira R. João Monteiro
253;14 de Fevereiro - Sábado;Bloco Jegue Elétrico SP;13:00;Cerqueira César;R. Lisboa;R. Lisboa
254;14 de Fevereiro - Sábado;BLOCO DA PAZ;13:00;Chácara Santo Antônio (Zona Sul);R. da Paz;R. da Paz
255;14 de Fevereiro - Sábado;São Mateus em Movimento;13:00;Cidade São Mateus;R. Domiziano Rossi;Av. Vitaliano Rotellini
256;14 de Fevereiro - Sábado;Unidos do BPM;13:00;Consolação;R. Augusta 205;R. Augusta 
257;14 de Fevereiro - Sábado;Bloco Urubó;13:00;Freguesia do Ó;Largo da Matriz de Nossa Senhora do Ó;Largo da Matriz de Nossa Senhora do Ó
258;14 de Fevereiro - Sábado;Bloco do Gato Preto;13:00;Ipiranga;R. Labatut esquina;R. Gonçalves Ledoo
259;14 de Fevereiro - Sábado;Cachorro Caramelo;13:00;Ipiranga;R. dos Patriotas;R. dos Patriotas
260;14 de Fevereiro - Sábado;Bloco Bateria de Rua;13:00;Itaim Bibi;Av. Brigadeiro Faria Lima 4100;Av. Brigadeiro Faria Lima 4500
261;14 de Fevereiro - Sábado;Bloco João de Barro;13:00;Jardim Arpoador;R. José Porfírio de Souza;R. José Porfilho de Souza
262;14 de Fevereiro - Sábado;Bloco Afro Dandarayó;13:00;Jardim Capelinha;Tv. Jaboatão;Tv. Jaboatão
263;14 de Fevereiro - Sábado;Bloco do Beco;13:00;Jardim Ibirapuera;R. Salgueiro do Campo;R. Aldeia de Joanes
264;14 de Fevereiro - Sábado;Cordão da Padilha;13:00;Jardim Prudência;R. Francisco Teles Dourado;R. Abatira
265;14 de Fevereiro - Sábado;Bloco Meu Amigo Charlie;13:00;Jardim das Bandeiras;R. Filinto de Almeida 149;R. Filinto de Almeida 90
266;14 de Fevereiro - Sábado;Bloco Emo;13:00;Lapa;Av. Paulo VI 1529;Av. Paulo VI 
267;14 de Fevereiro - Sábado;Bloco do Galo;13:00;Perdizes;Tv. Roque Adoglio;Tv. Roque Adoglio
268;14 de Fevereiro - Sábado;Bloco Bastardo;13:00;Pinheiros;R. João Moura;R. João Moura
269;14 de Fevereiro - Sábado;Os Capoeira;13:00;Pinheiros;R. Belmiro Braga;R. Inácio Pereira da Rocha
270;14 de Fevereiro - Sábado;Bloco Minhoqueens;13:00;República;Av. Ipiranga;Shopping Light
271;14 de Fevereiro - Sábado;CarnaVrah;13:00;República;Av. Ipiranga;Av. São João
272;14 de Fevereiro - Sábado;Bloco Chama o Síndico;13:00;Vila Buarque;R. Estevão Lopes;R. Armando Fairbanks (Beco da USP)
273;14 de Fevereiro - Sábado;Axé da Santa;13:00;Vila Buarque;R. Martin Francisco;R. Frederico Abranches
274;14 de Fevereiro - Sábado;Bloco do Bob;13:00;Vila Buarque;R. Bsa. de Itu;R. Bsa. de Itu
275;14 de Fevereiro - Sábado;BLOCO ROLANDO A ROCHA TODA;13:00;Vila Buarque;R. Rocha;R. Rocha
276;14 de Fevereiro - Sábado;Agrada Gregos;13:00;Vila Mariana;Ibirapuera - Av. Pedro Álvares Cabral;entre Obelisco e Monumento às Bandeiras
277;14 de Fevereiro - Sábado;Bloco Pira Jussara;13:00;Vila Pirajussara;R. Capitão Paulo Carrilho;R. Capitão Paulo Carrilho
278;14 de Fevereiro - Sábado;BLOCO FORRÓTERAPIA;13:00;Vila Santista;Pça. Padre Aleixo Monteiro Mafra;Pça. Padre Aleixo Monteiro Mafra
279;14 de Fevereiro - Sábado;Bloco Beat Loko;13:00;Várzea da Barra Funda;Av. Marquês de São Vicente 230;Av. Marquês de São Vicente 658
280;14 de Fevereiro - Sábado;Bloco do Adorno;13:00;Água Branca;R. Faustolo 800;R. Faustolo 200
281;14 de Fevereiro - Sábado;Bloco do Sueltos;13:30;Tatuapé;R. Ministro Sinésio Rocha;R. Dr. Francisco Figueiredo Barreto.
282;14 de Fevereiro - Sábado;Forró de Todos;14:00;Jardim Japao;R. Kobe;R. Kobe
283;14 de Fevereiro - Sábado;Grêmio Recreativo Cultural Bloco de Samba Vamo q Vamo;14:00;Jardim Sao Vicente;R. Jose Ferreira Creso;R. Jose Ferreira Crespo
284;14 de Fevereiro - Sábado;Grupo Maracatu Bloco de Pedra;14:00;Jardim das Bandeiras;R. Cipriano Jucá;R. Cipriano Jucá
285;14 de Fevereiro - Sábado;BLOCO CARNAVALESCO KABRA DA PESTE CORO E KACETE;14:00;Parque Nações Unidas;R. Vicente Amato Sobrinho 63;R. Vicente Amato Sobrinho 828
286;14 de Fevereiro - Sábado;Insuportáveis;14:00;Penha de França;R. Ingu;R. Ingu
287;14 de Fevereiro - Sábado;O Bloco Sabbath;14:00;Perdizes;R. Caetés;R. Ministro Gastão Mesquita.
288;14 de Fevereiro - Sábado;Unidos Venceremos;14:00;Pompeia;R. Tucuna;R. Tucuna
289;14 de Fevereiro - Sábado;Perdi foi Tudo/Big Bear;14:00;República;Lgo. do Arouche;Lgo. do Arouche
290;14 de Fevereiro - Sábado;Bloco Carnavalesco Granada;14:00;Vila Itaberaba;Av. Humberto Gomes Maia;Av. Humberto Gomes Maia
291;14 de Fevereiro - Sábado;Bloco dos Zattrevidos;14:00;Vila Zat;R. Jenny Bonilha Costivelli;R. Jenny Bonilha Costivelli
292;14 de Fevereiro - Sábado;Bloco do Saci;15:00;Bela Vista;R. São Domingos;R. São Domingos
293;14 de Fevereiro - Sábado;Bloco Preto ZUMBIIDO Afropercussivo;15:00;Centro Histórico de São Paulo;Lgo. do Paissandu;Lgo. do Paissandu
294;14 de Fevereiro - Sábado;Bloco do Mano Veio e Mano Novo;15:00;Ipiranga;Pça. Padre Aleixo Monteiro Mafra;Pça. Padre Aleixo Monteiro Mafra
295;14 de Fevereiro - Sábado;Piracema Desvairada;15:00;Pompeia;R. Dr. Augusto de Miranda;Pça. Daniel Berciano Villasol
296;14 de Fevereiro - Sábado;Vermelhão;15:00;República;R. Conselheiro Crispiniano;R. Conselheiro Crispiniano
297;14 de Fevereiro - Sábado;Gringolôco;16:00;Pinheiros;R. Inácio Pereira da Rocha 385;R. Inácio Pereira da Rocha 231
298;14 de Fevereiro - Sábado;Bloco Amoribunda;16:00;Vila Mariana;Av. Eng. Luiz Gomes Cardim Sangirardi;Av. Eng. Luiz Gomes Cardim Sangirardi
300;15 de Fevereiro - Domingo;Bunytos de Corpo;08:00;Pompeia;R. Coari;Pça. Rio dos Campos
301;15 de Fevereiro - Domingo;Bloco Saia de Chita;08:00;Vila Romana;R. Marcelina;Pça. Jesuíno Bandeira
302;15 de Fevereiro - Domingo;As Obscênicas;08:00;Vila Santo Estefano;R. Rocha;R. Rocha
303;15 de Fevereiro - Domingo;Folia Retrô;09:00;Sé;Pça. Olavo Bilac;Pça.Olavo Bilac
304;15 de Fevereiro - Domingo;Bloquinho dos pequenos Joaquins;09:00;Vila Mariana;R. Áurea;R. Áurea
305;15 de Fevereiro - Domingo;Bloco do Helipa;10:00;Cidade Nova Heliópolis;R. Anita Tagliaferri;até R. Comandante Taylor
306;15 de Fevereiro - Domingo;Bloco do Rock SP;10:00;Sumarezinho;R. Harmonia 503;R. Harmonia 420
307;15 de Fevereiro - Domingo;Bloco Vai Que Cola;10:00;Sé;R. XV de Novembro;Lgo. do Café
308;15 de Fevereiro - Domingo;Bloco Acorda Madalena;10:00;Vila Madalena;R. Wisard;R. Wisard
309;15 de Fevereiro - Domingo;Berço Eletrico;10:00;Vila Mariana;Av. Eng. Luiz Gomes Cardim Sangirardi;Av. Eng. Luiz Gomes Cardim Sangirardi
310;15 de Fevereiro - Domingo;Bloco BenJores;11:00;Alto de Pinheiros;Av. Prof. Frederico Hermann Júnior 555;Av. Prof. Frederico Hermann Júnior 345
311;15 de Fevereiro - Domingo;Cordão Carnavalesco Amigos Pratododia;11:00;Barra Funda;R. Barra funda;R. Barra funda
312;15 de Fevereiro - Domingo;Fanfarra Xamego;11:00;Barra Funda;R. dos Americanos;R. Padre Luís Alves de Siqueira
313;15 de Fevereiro - Domingo;Bloco do Temperadinho;11:00;Cidade Nova Heliópolis;R. Miguel Garcia;Pça. Santa Marina Virgem
314;15 de Fevereiro - Domingo;Coreto;11:00;Consolação;R. Augusta 205;R. Augusta 
315;15 de Fevereiro - Domingo;Domingo Ela não Vai;11:00;República;Av. Ipiranga;R. Cel. Xavier de Toledo
316;15 de Fevereiro - Domingo;Bloco Tá Suavi;11:00;Sé;R. Marcondes Machado 56;R. Marcondes Machado 300
317;15 de Fevereiro - Domingo;Sol na Cara!;11:00;Sé;R. Quintino Bocaiuva;R. Quintino Bocaiuva
318;15 de Fevereiro - Domingo;Sertanejinho do Teló;11:00;Vila Mariana;Ibirapuera - Av. Pedro Álvares Cabral;entre Obelisco e Monumento às Bandeiras
319;15 de Fevereiro - Domingo;Vem que a Folia é de Praxe;12:00;;R. Jacintho Pereira;R. Jacintho Pereira
320;15 de Fevereiro - Domingo;Botecagem;12:00;;Av. Helio Pellegrino 200;Av. Helio Pellegrino 800
321;15 de Fevereiro - Domingo;Bloco Samba Rock e Serpentina;12:00;Barra Funda;R.Camarajibe;R. Conselheiro Brotero
322;15 de Fevereiro - Domingo;BLOCO DA CANOAH;12:00;Barra Funda;R. Conselheiro Brotero;R. Vitorino Carmilo
323;15 de Fevereiro - Domingo;Bloco Carnavalesco Cultural Caramba do Caramba;12:00;Itaim Paulista;R. Padre Virgílio Campelo 501;R. Padre Virgílio Campelo 399
324;15 de Fevereiro - Domingo;Bloco do Hercu;12:00;Jardim Angela;R. Ignácio Limas;R. Ignácio Limas
325;15 de Fevereiro - Domingo;Vampirão dos Paredão;12:00;Jardim Pedreira;R. do Sossego 330;R. do Sossego 03
326;15 de Fevereiro - Domingo;Bloco Ritaleena;12:00;Vila Madalena;Av. Eng. Eusébio Estevaux (entre R. Maria Clara Martins da Silveira e R. Moacir Padilha);Av. Eng. Eusébio Estevaux (entre R. Maria Clara Martins da Silveira e R. Moacir Padilha)
327;15 de Fevereiro - Domingo;Bota pra Ferver;13:00;;R. Augusta 205;R. Augusta 
328;15 de Fevereiro - Domingo;Chora e Rebola;13:00;Bela Vista;R. Rui Barbosa;Pça. Álvaro de Carvalho Aranha
329;15 de Fevereiro - Domingo;Carna Mooca Bééééllo;13:00;Belenzinho;R. Itabaiana;R. Itabaiana
330;15 de Fevereiro - Domingo;Bloco da next;13:00;Bom Retiro;R. José Paulino 577;R. José Paulino 07
331;15 de Fevereiro - Domingo;Zabumbeabá;13:00;Butantã;Pça. Elis Regina;Pça. Elis Regina
332;15 de Fevereiro - Domingo;bloco da periferia;13:00;Cangaiba;Pça. Barra do Ouro;R. Miguel Garcia
333;15 de Fevereiro - Domingo;Bloco Jegue Elétrico SP;13:00;Cerqueira César;R. Lisboa ;R. Lisboa
334;15 de Fevereiro - Domingo;Bloco Unidos da Macieira;13:00;Chácara Nani;R. Macieira do Sul;R. Macieira do Sul
335;15 de Fevereiro - Domingo;Guerreiro da Comunidade Jova Rural;13:00;Chácara Sonho Azul;R. São Jorge;R. São Jorge
336;15 de Fevereiro - Domingo;Bloco Urubó;13:00;Freguesia do Ó;Largo da Matriz de Nossa Senhora do Ó;Largo da Matriz de Nossa Senhora do Ó
337;15 de Fevereiro - Domingo;Bloco 89;13:00;Itaim Bibi;Av. Brigadeiro Faria Lima 4100;Av. Brigadeiro Faria Lima 4500
338;15 de Fevereiro - Domingo;Bloco Galera da Rampa;13:00;Jardim Guaruja;R. Renato da Cunha;R. Leticia
339;15 de Fevereiro - Domingo;Só Chora Quem Ama;13:00;Jardim Peri Peri;Av. Junta Mizumoto;R. Dona Layr Costa Rego (ida e volta)
340;15 de Fevereiro - Domingo;Deus Me Livre de Fofoca;13:00;Jardim Santo André;Pça. Jd. Sto. André;Pça. Jd. Sto. André
341;15 de Fevereiro - Domingo;Bloco do Litraço;13:00;Jardim São Luís;R. Dr. Octacílio de Carvalho Lopes;R. Dr. Octacílio de Carvalho Lopes
342;15 de Fevereiro - Domingo;Bloco do Amorozo;13:00;Jardim das Laranjeiras;Pça. Delegado Amoroso Neto;Pça. Delegado Amoroso Neto
343;15 de Fevereiro - Domingo;ONG Bloco Vai Quem Quer;13:00;Parque Santo Antônio;R. Bruno Felisberto Cavinato;R. Bruno felisberto Cavinato
344;15 de Fevereiro - Domingo;Bloco Carnavalesco Búfalos de Vila Prudente;13:00;Parque da Vila Prudente;R. José dos Reis;Pça. Santa Helena
345;15 de Fevereiro - Domingo;Bloquinho Gente Miúda;13:00;Perdizes;Av Prof. Alfonso Bovero;R. Prof. Alfonso Bovero
346;15 de Fevereiro - Domingo;Bloco Bastardo;13:00;Pinheiros;R. João Moura;R. João Moura
347;15 de Fevereiro - Domingo;Tia eh o Caraleo;13:00;Vila Anastácio;Pça. Padre Arnaldo;Pça. Padre Arnaldo
348;15 de Fevereiro - Domingo;Trembala;13:00;Vila Carbone;R. Piracanjuba;R. Piracanjuba
349;15 de Fevereiro - Domingo;Carna GAMF;13:00;Vila Gumercindo;Pça. José Augusto Velloso;Pça. José Augusto Velloso
350;15 de Fevereiro - Domingo;PikaOpéNoSamba;13:00;Vila Inglesa;R. Fernão Lopes;R. Constantino Maroqui
351;15 de Fevereiro - Domingo;Descaxota;13:00;Vila Nova Cachoeirinha;R. Puxixana;R. Ouvido José Santana
352;15 de Fevereiro - Domingo;Bloco Pinga Ni Mim;13:00;Vila Nova Conceição;Av. Helio Pellegrino 200;Av. Helio Pellegrino 800
353;15 de Fevereiro - Domingo;Bloco da Cambona;13:00;Vila Pirajussara;R. da Fonte R. Padre Justino;Pça. do Morro do Querosene
354;15 de Fevereiro - Domingo;Bloco África Viva;13:00;Vila Romana;Av. Eng. Luiz Gomes Cardim Sangirardi;Av. Eng. Luiz Gomes Cardim Sangirardi
355;15 de Fevereiro - Domingo;Bloco Presidente;13:00;Várzea da Barra Funda;Av. Marquês de São Vicente 230;Av. Marquês de São Vicente 658
356;15 de Fevereiro - Domingo;Summer Eletro Bloco;13:00;Várzea da Barra Funda;Av. Marquês de São Vicente 230;Av. Marquês de São Vicente 658
357;15 de Fevereiro - Domingo;Bloco da Pocah;13:00;vila Mariana;Ibirapuera - Av. Pedro Álvares Cabral;entre Obelisco e Monumento às Bandeiras
358;15 de Fevereiro - Domingo;Moradia e folia ULCM;13:30;Brás;R. Vieira Martins;R. Inácio de Araujo
359;15 de Fevereiro - Domingo;Bloco Afro Ilú Obá De Min;14:00;Barra Funda;R. Conselheiro Brotero;Al. Eduardo Prado
360;15 de Fevereiro - Domingo;Bloco Lupulolelé;14:00;Barra Funda;R. Barra Funda;R. Barra Dunda
361;15 de Fevereiro - Domingo;Bloco Carnavalesco Os Piores;14:00;Bela Vista;R. Conselheiro Carrão;R. Conselheiro Carrão
362;15 de Fevereiro - Domingo;Bloco Diquebra;14:00;Bela Vista;Lgo. do Paissandu;Pça. Ramos de Azevedo
363;15 de Fevereiro - Domingo;Bloco do Fuá;14:00;Bela Vista;R. Conselheiro Ramalho;R. Treze de Maio
364;15 de Fevereiro - Domingo;SP Forró;14:00;Centro Histórico de São Paulo;Av. Ipiranga;Av. Ipiranga
365;15 de Fevereiro - Domingo;Bloco do Gleubs;14:00;Consolação;R. Jacintho Pereira;R. Jacintho Pereira
366;15 de Fevereiro - Domingo;Bloco do Alex;14:00;Consolação;R. Augusta 205;R. Augusta 
367;15 de Fevereiro - Domingo;Unidos do Jardim Colombo II;14:00;Fazenda Morumbi;R. Das goiabeiras;R. João Avelino Pinho Mellão
368;15 de Fevereiro - Domingo;Bloco das Coleguinhas;14:00;Guarapiranga;R. Bento Leite da Silva;R. Bento Leite da Silva
369;15 de Fevereiro - Domingo;BLOCO CARNAVALESCO ZÉ DA ESKINA;14:00;Jardim Santo Elias;R. Adalberto Melo Lucena;R. Adalberto Melo Lucena
370;15 de Fevereiro - Domingo;Bloco do Juiz - Imperador;14:00;Jardim São Luís;Estrada de Mogi das Cruzes;Estrada de Mogi das Cruzes
371;15 de Fevereiro - Domingo;Bloco não Vai Acabar;14:00;Perdizes;R. Miranda de Azevedo;Pça. Rio dos Campos
372;15 de Fevereiro - Domingo;Bloco Batuntã;14:00;Pinheiros;R.Fidalga;R. Fidalga.
373;15 de Fevereiro - Domingo;Bloco Siga Bem Caminhoneira;14:00;República;Largo do Arouche;Av. Ipiranga
374;15 de Fevereiro - Domingo;Explode Coração;14:00;República;Pça. da República;Av. São João
375;15 de Fevereiro - Domingo;Bloco Afro Percussivo Batuquedum;14:00;República;Av. Ipiranga;Pça. Ramos de Azevedo
376;15 de Fevereiro - Domingo;Bloco samba Jorge;14:00;São Miguel;R. Guaraita;R. Guirapa
377;15 de Fevereiro - Domingo;Bloco Carnavalesco Arrastão da Vila Guarani;14:00;Vila Guarani (Zona Sul);Av. Diederichsen;R. Edgard Pereira
378;15 de Fevereiro - Domingo;Bloco da Joaquim;14:00;Vila Mariana;R. Áurea;R. Áurea
379;15 de Fevereiro - Domingo;Afoxé Omi Aiye;14:00;Vila Paranagua;Av. Paranaguá;Pça. Benedito Ramos Rodrigues
380;15 de Fevereiro - Domingo;Bloco Lets Block;14:00;Água Branca;R. Faustolo 809;R. Faustolo 63
381;15 de Fevereiro - Domingo;Carnaval de Rua Jardim dos Álamos;15:00;Jardim dos Alamos;R. das Barcaças;R. Tarcicio Vieira do Nascimento
382;15 de Fevereiro - Domingo;BrasAfro tô na Rua;15:00;República;Av. Praça da Republica;Praça Ramos de Azevedo
383;15 de Fevereiro - Domingo;Espício Geral;15:00;Vila Buarque;R. General Jardim;Praça Rotary (Monteiro Lobato)
384;15 de Fevereiro - Domingo;Os Donos da Rua;15:00;Vila Portugal;R. Bernardo Coelho;R. Bernardo Coelho
385;15 de Fevereiro - Domingo;Bloco Comunidade 100% Iracema;16:00;Parque Sao Luis;R. Ten. Cel. José Joaquim Correia De Arruda;R. Ten. Cel. José Joaquim Correia De Arruda
386;15 de Fevereiro - Domingo;Gringolôco;16:00;Pinheiros;R. Inácio Pereira da Rocha 385;R. Inácio Pereira da Rocha 231
387;15 de Fevereiro - Domingo;Bloco Partideiros do Maria Zélia;17:00;Chácara Nani;R. José Pinheiro Bezerra;R. José Pinheiro Bezerra
389;16 de Fevereiro - Segunda;Cordão Cheiroso;08:00;Vila Romana;R. Catão;R. Sepetiba
390;16 de Fevereiro - Segunda;Bloco do Pitéu;09:00;Perdizes;R. Caetés 384;R. Caetés 482
391;16 de Fevereiro - Segunda;Bloco Me Lembra Que Eu Vou;09:00;Pinheiros;R. Henrique Schaumann 567;R. Henrique Schaumann 125
392;16 de Fevereiro - Segunda;Bloco do Escocês;09:00;Pinheiros;R. Vupabussu;R. Ferreira de Araújo
393;16 de Fevereiro - Segunda;Bloco do Forró da Taylor;09:00;Pinheiros;R. dos Pinheiros R. Francisco Leitão R. Arthur de Azevedo;R. dos Pinheiros R. Francisco Leitão R. Arthur de Azevedo
394;16 de Fevereiro - Segunda;O Espetacular Bloco da Charanga do França;09:00;Vila Buarque;R. Barão de Tatuí;Lgo. Santa Cecília
395;16 de Fevereiro - Segunda;Bloco Esfarrapado;10:00;Bela Vista;R. Treze de Maio;R. Conselheiro Carrão
396;16 de Fevereiro - Segunda;MistoQuente;10:00;Consolação;R. Augusta 205;R. Augusta 
397;16 de Fevereiro - Segunda;Blocão do Toto & Ruby Fofa;10:00;Indianópolis;Pça. Nossa Senhora da Aparecida;Pça. Nossa Senhora da Aparecida
398;16 de Fevereiro - Segunda;Masca folia;11:00;Conjunto Habitacional Marechal Mascarenhas de Morais;R. Sgt. Luís Rodrigues Filho;R. Sgt. Feliz Marqueti. R. Sgt. Aires Silva Dias
399;16 de Fevereiro - Segunda;Bloco Liquidificador;11:00;República;R. Cel. Lúcio Rosales;R. Cel. Lúcio Rosales
400;16 de Fevereiro - Segunda;Bloco GoFun Experience;11:00;Vila Mariana;Av. Brigadeiro Faria Lima 4100;Av. Brigadeiro Faria Lima 4500
401;16 de Fevereiro - Segunda;Bloco Vou de Táxi;11:00;Vila Mariana;Ibirapuera - Av. Pedro Álvares Cabral;entre Obelisco e Monumento as Bandeiras
402;16 de Fevereiro - Segunda;Bloco Saad;11:00;Vila Progredior;Av. Jorge João Saad;Av. Jorge João Saad
403;16 de Fevereiro - Segunda;Ano Passado Eu Morri mas Esse Ano Eu não Morro;11:00;Vila Romana;Pça. Jesuíno Bandeira;Pça. João Salgado Sobrinho
404;16 de Fevereiro - Segunda;PvTee 2000;12:00;Centro Histórico de São Paulo;Lgo. do Café;Lgo. do Café
405;16 de Fevereiro - Segunda;Bota pra Ferver;12:00;Consolação;R. Augusta 205;R. Augusta 
406;16 de Fevereiro - Segunda;Bloco do Salve;12:00;Guapira;Pça. Comendador Alberto de Souza;Pça. Comendador Alberto de Souza
407;16 de Fevereiro - Segunda;Bloco MPBebados;12:00;Pinheiros;Rua João Moura 595;Rua João Moura 763
408;16 de Fevereiro - Segunda;Somos Todos Carmen;12:00;Vila Buarque;R. Fortunato;R. Fortunato
409;16 de Fevereiro - Segunda;Não Mono Bloco SP;13:00;Barra Funda;R. Camarajibe;R. Camarajibe
410;16 de Fevereiro - Segunda;Bloco Sudaca;13:00;Bela Vista;R. São Vicente 13;R. São Vicente 180
411;16 de Fevereiro - Segunda;Donos da Percussão;13:00;Casa Verde;R. Baroré;R. Baroré
412;16 de Fevereiro - Segunda;Bloco éduca;13:00;Centro Histórico de São Paulo;Pça. da República;Pça. da República
413;16 de Fevereiro - Segunda;Unidos do Swing;13:00;Centro Histórico de São Paulo;R. Boa Vista;Lgo. São Francisco
414;16 de Fevereiro - Segunda;Bloco Eu Sou do Axé;13:00;Consolação;R. Augusta 205;R. Augusta 
415;16 de Fevereiro - Segunda;Bloco Fígado de Aço;13:00;Guarapiranga;Av. Campo Mourão;Av. Campo Mourão
416;16 de Fevereiro - Segunda;Bloco Dré Tarde;13:00;Itaim Bibi;Av. Brigadeiro Faria Lima 4100;Av. Brigadeiro Faria Lima 4500
417;16 de Fevereiro - Segunda;Bloco Afro é di Santo;13:00;Jardim das Flores;R. Manuel Dias Leme;R. Manuel Dias Leme
418;16 de Fevereiro - Segunda;Associação Recreativa e Cultural Bloco Carnavalesco Akió;13:00;Nossa Senhora do O;Largo da Matriz de Nossa Senhora do Ó;Largo da Matriz de Nossa Senhora do Ó
419;16 de Fevereiro - Segunda;Bloco NaMiuda;13:00;Perdizes;Av. Prof. Alfonso Bovero;Av. Prof. Alfonso Bovero
420;16 de Fevereiro - Segunda;Bloco do Futuro;13:00;Perdizes;R. João Elias Saada;R. João Elias Saada
421;16 de Fevereiro - Segunda;Cordão Carnavalesco Cama e Café;13:00;Sé;R. Roberto Simonsen;Pça. Antônio Prado
422;16 de Fevereiro - Segunda;Bloco do Maçã;13:00;Vila Guilherme;Av. Joaquina Ramalho;R. José Bernardo Pinto
423;16 de Fevereiro - Segunda;Bloco da Pabllo;13:00;Vila Mariana;Ibirapuera - Av. Pedro Álvares Cabral;entre Obelisco e Monumento às Bandeiras
424;16 de Fevereiro - Segunda;FitDance;13:00;Vila Mariana;Av. Eng. Luiz Gomes Cardim Sangirardi;Av. Eng. Luiz Gomes Cardim Sangirardi
425;16 de Fevereiro - Segunda;Bloco Percussivo AYO;13:00;Vila Miriam;R. Nova Era;Pça. Monsenhor Escrivá
426;16 de Fevereiro - Segunda;Bloco Afro Percussivo Filhas da Mãe África;13:00;Vila Miriam;R. Cumarú;R. Cumaru
427;16 de Fevereiro - Segunda;Bloco Filhos de Gil;13:00;Vila Nova Conceição;Av. Helio Pellegrino 200;Av. Helio Pellegrino 800
428;16 de Fevereiro - Segunda;Bloco do Bartantã;13:00;Vila Pirajussara;R. Santanesia;R. Santanesia
429;16 de Fevereiro - Segunda;Bloco do Caramuela;13:00;Vila Pirajussara;R. Camarajibe;R. Camarajibe
430;16 de Fevereiro - Segunda;Associação Carnavalesca, Filantrópica, Cultural, Desportiva, Recreativa e Social Tô na Rocha;13:00;Vila Santo Estefano;R. Rocha;R. Rocha
431;16 de Fevereiro - Segunda;Bloco Lua Vai;13:00;Várzea da Barra Funda;Av. Marquês de São Vicente 230;Av. Marquês de São Vicente 658
432;16 de Fevereiro - Segunda;QUé QUE DEU?;14:00;Campos Elíseos;Al. Cleveland;Al. Cleveland.
433;16 de Fevereiro - Segunda;O Bloco Sabbath;14:00;Perdizes;R. Caetés;R. Ministro Gastão Mesquita.
434;16 de Fevereiro - Segunda;Não Serve Mestre;14:00;Pinheiros;R. Henrique Schaumann 567;R. Henrique Schaumann 125
435;16 de Fevereiro - Segunda;BumbáBloco;14:00;Santana/Tucuruvi;R. Viri;R. Viri
436;16 de Fevereiro - Segunda;Bloco Carnavalesco Estrela de Santa Luzia;14:00;Vila Monumento;R. Engenheiro Prudente;R. Dom Duarte Leopoldo
437;16 de Fevereiro - Segunda;Block Memory;14:30;Pinheiros;R. dos Chanés;Al. dos Jurupis
438;16 de Fevereiro - Segunda;Vai Dá Boa!;15:00;Butantã;R. José Alvares Maciel;R. José Alvares Maciel
439;16 de Fevereiro - Segunda;Bloco Siriricando;15:00;Jardim Aracati;R. Santa Isabel;Av. Vieira de Carvalho
440;16 de Fevereiro - Segunda;Gringolôco;16:00;Pinheiros;R. Inácio Pereira da Rocha 385;R. Inácio Pereira da Rocha 231
442;17 de Fevereiro - Terça;Hormônios* da Garoa;09:00;Campos Elíseos;R. Apa;R. Apa
443;17 de Fevereiro - Terça;Galo da Madrugada;09:00;Vila Mariana;Ibirapuera - Av. Pedro Álvares Cabral;entre Obelisco e Monumento as Bandeiras
444;17 de Fevereiro - Terça;Acadêmicos da Cerca Frango;09:00;Vila Romana;Pça. Jesuíno Bandeira;Pça. Diogo do Amaral
445;17 de Fevereiro - Terça;Moita;10:00;República;R. 24 de Maio;Av. Ipiranga
446;17 de Fevereiro - Terça;BLOCO CHIQUE NO URTIMO;11:00;Alto de Pinheiros;Av. Prof Frederico Herman Júnior 555;Av. Prof Frederico Herman Júnior 345
447;17 de Fevereiro - Terça;BLOCO UNIDOS DO BANHO PRA GERAL;11:00;Bela Vista;R. Manoel Dutra;R. Pedroso
448;17 de Fevereiro - Terça;Bloco da Bateria 013;11:00;Bela Vista;R. Professor Laerte Ramos de Carvalho;R. Professor Laerte Ramos de Carvalho
449;17 de Fevereiro - Terça;Bloco Bahianidade;11:00;Bixiga;R. Rui Barbosa;R. Santo Antônio
450;17 de Fevereiro - Terça;Bloco AYO;11:00;Nossa Senhora do O;Lgo. da Matriz de Nossa Senhora do Ó 215;Lgo. da Matriz de Nossa Senhora do Ó 86
451;17 de Fevereiro - Terça;Bloco Pagu;11:00;República;Av. Ipiranga;Pça. Ramos de Azevedo
452;17 de Fevereiro - Terça;Bloco Solteiro não Trai;11:00;Vila Mariana;Ibirapuera - Av. Pedro Álvares Cabral;entre Obelisco e Monumento às Bandeiras
453;17 de Fevereiro - Terça;Bloco Estação Folia;11:00;Vila Monumento;R. dos Patriotas;Pça. do Monumento
454;17 de Fevereiro - Terça;Bloco Te Amo sem Culpa;11:00;Vila Nova Conceição;Av. Brigadeiro Faria Lima 4150;Av. Brigadeiro Faria Lima 4500
455;17 de Fevereiro - Terça;Bloco Tá Suavi;11:00;Vila Nova Conceição;R. Marcondes Machado 56;R. Marcondes Machado 300
456;17 de Fevereiro - Terça;É Tão Bom!;12:00;;Av. Paulo VI 1529;Av. Paulo VI 
457;17 de Fevereiro - Terça;BLOCO PODEROSO;12:00;Barra Funda;Av. Marquês de São Vicente 230;Av. Marquês de São Vicente 658
458;17 de Fevereiro - Terça;BLOCO TOM;12:00;Barra Funda;R. Padre Luis Alves de Siqueira;R. LuigiI Greco
459;17 de Fevereiro - Terça;Bloco do Felino (Baile do Felino);12:00;Bela Vista;R. Rui Barbosa;R. Maria José
460;17 de Fevereiro - Terça;Bloco Carnavalesco Tantinho do kekere;12:00;Cidade São Mateus;R. Luis Giudice;R. Luis Gildice
461;17 de Fevereiro - Terça;Bloco Copo Quebrado;12:00;Conjunto Habitacional Juscelino Kubitschek;Praça Gustavo Miguel Dias;Av. Utaro Kanai
462;17 de Fevereiro - Terça;Bloco Vez e Voz;12:00;Consolação;R. Augusta 205;R. Augusta 
463;17 de Fevereiro - Terça;Pilões Folia;12:00;Ipiranga;R. Maciel Parente;R. Maciel Parente
464;17 de Fevereiro - Terça;GALO FOLIA;12:00;Ipiranga;R. Nova Era;Pça. Monsenhor Escrivá
465;17 de Fevereiro - Terça;ACADEMICOS DE SÃO GEOVANI;12:00;Jardim Paris;R. Manuel Pedro de Almeida;R. Manuel Pedro de Almeida
466;17 de Fevereiro - Terça;Festa de Cores;12:00;Perus;Av. Dr. Sylvio de Campos;Praça Luiz Nery
467;17 de Fevereiro - Terça;Bloco da Mama;12:00;Santa Cecilia;Pça Marechal Deodoro;Pça. Alfredo Paulino
468;17 de Fevereiro - Terça;Ezatamentchy;12:00;Vila Buarque;R. Fortunato;R. Fortunato
469;17 de Fevereiro - Terça;SÚBETE!;13:00;Bela Vista;Pça. Dom Orione;R. João Passalaqua
470;17 de Fevereiro - Terça;Chuta Choleros y sus Lindas Mamacitas;13:00;Brás;R. Coimbra;R. Dr. Costa Valente
471;17 de Fevereiro - Terça;BLOCO CARNAVALESCO POLLY FOLIA;13:00;Campos Elíseos;Av. Vieira de Carvalho;Av. Vieira de Carvalho
472;17 de Fevereiro - Terça;Tradição do Cangaiba;13:00;Cangaiba;Av. Cangaiba;Av. Cangaiba
473;17 de Fevereiro - Terça;União da Vila Curuçá;13:00;Cidade Nova São Miguel;Av. Dr.José Aristodemos Pinotti;Av. Nordestina
474;17 de Fevereiro - Terça;Bloco da Salete Campari;13:00;Consolação;R. Augusta 205;R. Augusta 
475;17 de Fevereiro - Terça;Bloco Doidin Pra Virar Jacaré;13:00;Ipiranga;R. 2 de Julho;R. 2 de Julho
476;17 de Fevereiro - Terça;Se fui triste nao me lembro;13:00;Itaim Bibi;Av. Brigadeiro Faria Lima 4100;Av. Brigadeiro Faria Lima 4500
477;17 de Fevereiro - Terça;G.R. Bloco Carnavalesco Imperio do Morro;13:00;Jardim Monte Azul;R. Inácio dias de Oliveira;R. Inácio Dias de Oliveira
478;17 de Fevereiro - Terça;Bloco do Pirata;13:00;Jardim Peri Peri;Av. Junta Mizomoto;R. Plinio Salgado
479;17 de Fevereiro - Terça;vai quem qué;13:00;Jardim Rizzo;Pça. Laerte Garcia da Rosa;Pça. Santo Epifânio
480;17 de Fevereiro - Terça;Bloco Otaku;13:00;Liberdade;Pça. da Liberdade;Pça. da Liberdade
481;17 de Fevereiro - Terça;Bloquinho do Forte;13:00;Parque São Lourenço;R. Forte do Rio Branco;entre R. Forte da Ribeira e Av. Forte do Leme
482;17 de Fevereiro - Terça;Bloco Roda Sertanejah Jatobah;13:00;Parque da Mooca;R. Juventus;R. Juventus
483;17 de Fevereiro - Terça;Os Cataratos do Niágara;13:00;Perdizes;R. Monte Alegre;R. Dr. Franco da Rocha
484;17 de Fevereiro - Terça;Diversidade Unida;13:00;Perus;Av. Dr. Sylvio de Campos;Pça. Luiz Nery
485;17 de Fevereiro - Terça;Bloco Bastardo;13:00;Pinheiros;R. João Moura;R. João Moura
486;17 de Fevereiro - Terça;Bloco Feito a mão;13:00;São Miguel Paulista;R. Galiléia;R. José Rangel de Camargo
487;17 de Fevereiro - Terça;Bloco dos KAYNBRAZ;13:00;São Miguel Paulista;R. Alziro zarzur 1900;R. Alziro zarzur 253
488;17 de Fevereiro - Terça;Batucada abençoada;13:00;União Vila Nova;Rua Catléias 03;Rua Catléias 687
489;17 de Fevereiro - Terça;Morro da Vila Alpina;13:00;Vila Alpina;R. dos Junquilhos R. Maria Tavares R. das Campânulas R. das Alfazemas R. dos Junquilhos;R. dos Junquilhos R. Maria Tavares R. das Campânulas R. das Alfazemas R. dos Junquilhos
490;17 de Fevereiro - Terça;Bloco Turminha do Bem;13:00;Vila Mariana;Av. Dr. Sylvio de Campos 225;Av. Dr. Sylvio de Campos 229
491;17 de Fevereiro - Terça;Bloco da Latinha Mix;13:00;Vila Mariana;Ibirapuera - Av. Pedro Álvares Cabral;entre Obelisco e Monumento as Bandeiras
492;17 de Fevereiro - Terça;Bloco das Manifestações Culturais Afoxé Babalotim;14:00;;Av. Dr. José Aristodemos Pinotti;Av. Nordestina
493;17 de Fevereiro - Terça;Skaravana;14:00;Bela Vista;R. Treze de Maio;Pça. Dom Orione
494;17 de Fevereiro - Terça;Bloco Agora Vai;14:00;Campos Elíseos;Al. Barão de Limeira 1524;Al. Barão de Limeira 671
495;17 de Fevereiro - Terça;Bloco Tecnomacumba;14:00;Centro Histórico de São Paulo;Pateo do Collegio;R. Benjamin Constant
496;17 de Fevereiro - Terça;Assombrosos do ó;14:00;Chacara Nossa Senhora Aparecida;R. Dr. Artur Fajardo;R. Dr. Artur Farjado
497;17 de Fevereiro - Terça;Bloco Afro da Vovó Zulma;14:00;Jardim Margarida;R. Miguel de Quadros Marinho;R. Rio do Sono
498;17 de Fevereiro - Terça;Bloco de Rua - Carnaval de Quebrada;14:00;Jardim Nazareth;R. Paulo de Miranda;R. Jose felipe do Amaral e R. Paulo de Miranda
499;17 de Fevereiro - Terça;Bloco do Juiz - Patriarca;14:00;Jardim Peri Peri;R. Coruripe;R.Coruripe
500;17 de Fevereiro - Terça;Bloco Mister Rock;14:00;Pinheiros;R. Coruripe;R.Coruripe
501;17 de Fevereiro - Terça;Bloco do Boteco;14:00;São Miguel Paulista;R.Saivá;R. Saivá
502;17 de Fevereiro - Terça;Bloco do Gleubs;14:00;São Miguel Paulista;R. Jacintho Pereira;R. Jacintho Pereira
503;17 de Fevereiro - Terça;Bloco Belas & Empreendedoras e Mel'S;14:00;São Miguel Paulista;Pça. Fortunato da Silveira;Pça. Fortunato da Silveira
504;17 de Fevereiro - Terça;Bloco da ACDEM;14:00;São Miguel Paulista;Pça. Fortunato da Silveira;Pça. Fortunato da Silveira
505;17 de Fevereiro - Terça;Bloco da Nanda;14:00;Vila Aurora (Zona Norte);Av. Engenheiro Caetano Álvares 6600;Av. Engenheiro Caetano Álvares 7800
506;17 de Fevereiro - Terça;Bloco dos Cabeças da Cinco;14:00;Vila Fachini;R. Charles Hoyt;R. Charles Hoyt
507;17 de Fevereiro - Terça;Bloco Jah é;15:00;Freguesia do Ó;Largo da Matriz de Nossa Senhora do Ó;Largo da Matriz de Nossa Senhora do Ó
508;17 de Fevereiro - Terça;Bloco do Baião;15:00;São Miguel Paulista;Av. Dr.José Aristodemos Pinotti;Av. Nordestina
509;17 de Fevereiro - Terça;Bloco do Fubá;15:00;Vila Buarque;R. Dr. Vila Nova;R. General Jardim
510;17 de Fevereiro - Terça;Carnaval de Rua da Vila Matilde - Bloco Banda das Cachorras;15:00;Vila Matilde;Praça da Toco;Praça da Toco
511;17 de Fevereiro - Terça;Perus Folia;16:00;Ipiranga;Av. Dr. Sylvio de Campos;Praça Luiz Nery
512;17 de Fevereiro - Terça;Gringolôco;16:00;Pinheiros;R. Inácio Pereira da Rocha 385;R. Inácio Pereira da Rocha 231
513;17 de Fevereiro - Terça;Valença Perus;18:00;Vila Perus;Av. Dr. Sylvio de Campos;Pça. Luiz Nery
515;21 de Fevereiro - Sábado;Bloco Tomojuntinho;09:00;Ipiranga;R. Xavier de Almeida;R. Xavier de Almeida
516;21 de Fevereiro - Sábado;Bloco Amiguinhos da Vila Mariana;09:00;Vila Mariana;R. Caravelas;R. Caravelas
517;21 de Fevereiro - Sábado;Abacaxi de Irará;10:00;Perdizes;R. Minerva;R. Minerva
518;21 de Fevereiro - Sábado;Bloco Ide;10:00;Pinheiros;Av. Waldemar Roberto;R. Milton Soares
519;21 de Fevereiro - Sábado;Bloco Desliga e Vem;10:00;Pinheiros;R. Pe Carvalho 799;R. Pe Carvalho 18
520;21 de Fevereiro - Sábado;Bloco Fogo & Paixão;10:00;Pinheiros;R. dos Pinheiros 1091;R. dos Pinheiros 01
521;21 de Fevereiro - Sábado;Bloco do Prazer (bloco da Gal);10:00;Santa Cecilia;R. Baronesa de Itu;R. Martim Francisco
522;21 de Fevereiro - Sábado;Charanguinha do França;10:00;Vila Prudente;R. Major Sertório;R. Dr. Vila Nova
523;21 de Fevereiro - Sábado;Bloco Tomojunto;11:00;Ipiranga;R. Xavier de Almeida;R. Xavier de Almeida
524;21 de Fevereiro - Sábado;Não Serve Mestre;11:00;Pinheiros;R. Dos Pinheiros 609;R. Dos Pinheiros 209
525;21 de Fevereiro - Sábado;CARNABLACK;11:00;República;R. Sete de Abril;Pça. Dom José Gaspar
526;21 de Fevereiro - Sábado;Bloco Praieiro - Jammil;11:00;Santa Cecilia;R. Henrique Schaumann 567;R. Henrique Schaumann 125
527;21 de Fevereiro - Sábado;GR Casa Verde;11:00;Vila Baruel;Pça. Cruz da Esperança;Pça. Cruz da Esperança
528;21 de Fevereiro - Sábado;Investe Ni Mim;11:00;Vila Mariana;Ibirapuera - Av. Pedro Álvares Cabral;entre Obelisco e Monumento às Bandeiras
529;21 de Fevereiro - Sábado;Bloco Dramas de Sapatão;12:00;Barra Funda;R. Barra Funda 398;R. Barra Funda 460
530;21 de Fevereiro - Sábado;MedPholia;12:00;Cerqueira César;R. Cristiano Viana;R. Artur de Azevedo
531;21 de Fevereiro - Sábado;TRIO SEBAH VIEIRA bloco;12:00;Consolação;R. Augusta 205;R. Augusta 
532;21 de Fevereiro - Sábado;Bloco Carnavalesco Segunda Sem Lei;12:00;Imirim;Av. Engenheiro Caetano Álvares;Av. Engenheiro Caetano Álvares
533;21 de Fevereiro - Sábado;Núcleo Folia - Venha Conosco;12:00;Jardim Guanabara;R. Crepúsculo dos Deuses;R. Menina Dengosa
534;21 de Fevereiro - Sábado;Bloco do Pequeno Burgues;12:00;Jardim São Paulo;R. Castro Maia;Av. Leôncio de Magalhães
535;21 de Fevereiro - Sábado;Tabuleiro;12:00;Pinheiros;R. Mourato Coelho;R. Harmonia
536;21 de Fevereiro - Sábado;Bloco SeJoga!;12:00;Pinheiros;R. Padre Carvalho;R. Padre Carvalho
537;21 de Fevereiro - Sábado;Bloco Amor e Fé;12:00;Pinheiros;R. Laguna;entre R. Bragança Paulista e R. Castro Verde
538;21 de Fevereiro - Sábado;Bloco do Água Preta;12:00;Pompeia;Pça. Rio dos Campos;Pça.Ilza Weltman Hutzler
539;21 de Fevereiro - Sábado;Bloco Santa Casa;12:00;Vila Buarque;R. Martim Francisco;R. Martim Francisco
540;21 de Fevereiro - Sábado;Bloco Velha Guarda Butantã;12:00;Vila Tiradentes;R. João Pessoa de Queiroz;R. Imperatriz Dona Amélia
541;21 de Fevereiro - Sábado;Bloco de Rua Ação Voluntária;12:00;Vila Tiradentes;R. Olímpio Brás de Souza;
542;21 de Fevereiro - Sábado;Bloco da Salete Campari;12:30;Consolação;R. Augusta 205;R. Augusta 
543;21 de Fevereiro - Sábado;Bloco Se Te Pego não Te Largo;13:00;;R. Henrique Schaumann 567;R. Henrique Schaumann 125
544;21 de Fevereiro - Sábado;Cordão do Samba do Bule;13:00;Bom Retiro;R. Matarazzo;R. Newton Prado
545;21 de Fevereiro - Sábado;Bloco Meu Santo é Pop;13:00;Campos Elíseos;Al. Barão de Limeira 1524;Al. Barão de Limeira 671
546;21 de Fevereiro - Sábado;Bloco da Mamma;13:00;Consolação;R. Augusta 205;R. Augusta 
547;21 de Fevereiro - Sábado;Bloco Atabatimba;13:00;Jardim Sao Jose;Av. Visconde do Rio Grande;R. Cirilo Machado
548;21 de Fevereiro - Sábado;Bloco Eco Campos Pholia;13:00;Jardim Sao Luiz;R. Pinhal Velho;R. Pinhal Velho
549;21 de Fevereiro - Sábado;Bloco do Bagaça;13:00;Lapa;Pra. Reverendo Janos Apostol;Pça. Reverendo Janos Apostol
550;21 de Fevereiro - Sábado;Cordão das Amoxtradas;13:00;Parque Tamari;R. Nazle Mauad Lutfi;Pça. Júlio Cesar de Campos
551;21 de Fevereiro - Sábado;Frevo da Vila;13:00;Tatuapé;Pça. Dr. Vicente Tramonte Garcia;Pça. Dr. Vicente Tramonte Garcia
552;21 de Fevereiro - Sábado;Carnatorrinha 25 - Os Cabecinhas tãntricos;13:00;Tatuapé;R. Torrinha;R. Visconde de Pedra Branca
553;21 de Fevereiro - Sábado;Bloco Carnavalesco Ressaca Do Belo Gole;13:00;Vila Bela Alianca;Pça. Barão da Passagem;Pça. Barão da Passagem
554;21 de Fevereiro - Sábado;Bloco do Coroa;13:00;Vila Carioca;R. Auriverde;Av. Carioca
555;21 de Fevereiro - Sábado;Esporte Clube Cultural Social Bloco Unidos de Vila Guarani;13:00;Vila Guarani (Zona Sul);Pça. Barão de Japurá;Pça. Barão de Japurá
556;21 de Fevereiro - Sábado;Bloco Amigos da Vila Mariana;13:00;Vila Mariana;R. Caravelas;R. Caravelas
557;21 de Fevereiro - Sábado;Bloco Viva a Paz;13:00;Vila Matilde;R. Olímpio Brás de Souza;
558;21 de Fevereiro - Sábado;Bloco Santinha é a Mãe;13:00;Vila Nhocuné;R. Maestro Jorge Galati;R. Arlindo Marques Junior
559;21 de Fevereiro - Sábado;NU VUCO VUCO;13:00;Vila Romana;Pça. Cornélia;R. Coriolano
560;21 de Fevereiro - Sábado;Bloco Ultra Carnavibe;13:00;Várzea da Barra Funda;Av. Marquês de São Vicente 230;Av. Marquês de São Vicente 658
561;21 de Fevereiro - Sábado;Bloco Carnavalesco Cordão do Jamelão;14:00;Bela Vista;R. Maria José;R. Maria José
562;21 de Fevereiro - Sábado;Bloco Kaya na Gandaia;14:00;Brooklin;R. Wizard;R. Girassol
563;21 de Fevereiro - Sábado;Bloco S/A;14:00;Butantã;R. Estevão Lopes;Av. Valdemar Ferreira
564;21 de Fevereiro - Sábado;Raízes de Casa Verde;14:00;Casa Verde;Av. Baruel;Pça. Bartolomeu Fernandes de Faria
565;21 de Fevereiro - Sábado;Familia Sabotagem Sabota;14:00;Jardim Hercilia;R. Angélica da Costa Carvalho;R. Dr. Cândido Dores
566;21 de Fevereiro - Sábado;Bloco Eu Sou do Axé;14:00;Parque Nações Unidas;R. Vicente Amato Sobrinho 579;R. Vicente Amato Sobrinho 828
567;21 de Fevereiro - Sábado;É Pequeno + Balança;14:00;Penha de França;R.Mirandinha;R. Atuai
568;21 de Fevereiro - Sábado;A Ema Gemeu de Canto a Canto;14:00;Pinheiros;R. Padre Garcia Velho;R. Gerard David
569;21 de Fevereiro - Sábado;Heavy Bloco;14:00;Pinheiros;R. dos Pinheiros;R. Conego Eugenio Leite
570;21 de Fevereiro - Sábado;Os Madalena;14:00;Pinheiros;Rua Fidalga;R. Fidalga
571;21 de Fevereiro - Sábado;Te Amo Mas só Como Amigo;14:00;Pinheiros;R. Vupabussu;R. Ferreira de Araújo
572;21 de Fevereiro - Sábado;Bloco Mara;14:00;Planalto Paulista;Av. Dr. José Aristodemos Pinotti;Av. Dr. José Aristodemos Pinotti
573;21 de Fevereiro - Sábado;BLOCO CARAVIVA;14:00;Planalto Paulista;Av. Odila;R. Joaquim de Almeida
574;21 de Fevereiro - Sábado;Bloco Cecílias e Buarques;14:00;Santa Cecilia;R. Imaculada Conceição;Lgo. Santa Cecília
575;21 de Fevereiro - Sábado;Viracopo;14:00;Santana;R. Cel. Lúcio Rosales;R. Cel. Lúcio Rosales
576;21 de Fevereiro - Sábado;Cordão do Balaio do Canjico;14:00;Sítio Morro Grande;R. Raimundo da Cunha Matos;R. Manoel de Souza Azevedo
577;21 de Fevereiro - Sábado;Bloco Feminista;14:00;Vila Gumercindo;R. Dom Silvério Pimenta;R. Dom Silvério Pimenta
578;21 de Fevereiro - Sábado;Banda Carnavalesca Macaco Cansado;14:00;Vila Madalena;R. Harmonia;R. Harmonia
579;21 de Fevereiro - Sábado;Bloco do Pedal;14:00;Vila Mariana;R. Guimarães Passos;entre R. Paula Ney e Pça. Rosa Alves da Silva (Trecho da Feira Livre)
580;21 de Fevereiro - Sábado;Bloco do Chiquinho Social Clube;14:30;Jardim Maringa;R. Santa Bertila;R. Fernandes Porto Alegre
581;21 de Fevereiro - Sábado;Bloco Viva Praça!;15:00;Parque Continental;R. Eugênio Pinto Moreira;R. Eugênio Pinto Moreira
582;21 de Fevereiro - Sábado;BaianaSystem;15:00;Vila Mariana;Ibirapuera - Av. Pedro Álvares Cabral;entre Obelisco e Monumento as Bandeiras
583;21 de Fevereiro - Sábado;Bloco Fala Comigo bb;15:00;Vila Monumento;R. dos Patriotas;entre R. Bom Pastor e Av. Nazaré. bloco de pessoas PCD
584;21 de Fevereiro - Sábado;Gringolôco;16:00;Pinheiros;R. Inácio Pereira da Rocha 385;R. Inácio Pereira da Rocha 231
585;21 de Fevereiro - Sábado;Bloco Vem Com Que Tem Se Não Tem Vem Também;16:45;Vila São José;R. Oliveira Melo;R. Oliveira Melo
587;22 de Fevereiro - Domingo;Bloquinho Infantil Fraldinha Molhada;08:00;;R. José Oscar Abreu Sampaio 310;R. José Oscar Abreu Sampaio 187
588;22 de Fevereiro - Domingo;Carnafacul - Vem com o Gigante;09:00;Vila Mariana;Ibirapuera - Av. Pedro Álvares Cabral;entre Obelisco e Monumento às Bandeiras
589;22 de Fevereiro - Domingo;Bloco Chega Mais - Anos 80;10:00;Jardim das Bandeiras;R. Nova Veneza 149;R. Nova Veneza 184
590;22 de Fevereiro - Domingo;QUILOMBO CULTURAL DE MACUMBARIAS E BLOCO CARNAVALESCO A MACUMBA DA NEGA;10:00;Parque Residencial Oratorio;R. Luís Pereira da Silva 330;R. Luís Pereira da Silva 600
591;22 de Fevereiro - Domingo;Bloco Calor da Rua;11:00;Bela Vista;Pça. Dom Orione;R. Rui Barbosa (até altura da R. Manuel Dutra)
592;22 de Fevereiro - Domingo;Bloco dos Bonecões;11:00;Centro Histórico de São Paulo;R. XV de novembro;Lgo. do Café
593;22 de Fevereiro - Domingo;Bloco Tatuapé;11:00;Vila Regente Feijó;Av. Vereador Abel Ferreira;R. Guandu
594;22 de Fevereiro - Domingo;Associação Recreativa e Cultural Bloco Carnavalesco União Dos Bairros;12:00;Campo Limpo;Pça. Luiza Pera dos Santos;Pça. João Pais Malio
595;22 de Fevereiro - Domingo;Cordão Quintal da XIKA;12:00;Itaquera;Av. Córrego do Jacu;Av. Corrego do Jacú
596;22 de Fevereiro - Domingo;Bloco Carnaroseira;12:00;Jardim Gianetti;R. Carlo Mannelli;R. Carlo Mannelli
597;22 de Fevereiro - Domingo;Bloco Revoada de Carnaval;12:00;Pinheiros;R. Ferreira de Araújo;R. Vupabussu
598;22 de Fevereiro - Domingo;GRCE é Nós Que Tá;12:00;Vila Diva;R. Leonor Barbosa Rodrigues 308;R. Leonor Barbosa Rodrigues 420
599;22 de Fevereiro - Domingo;Imperatriz da Sul;13:00;Americanópolis;R. das Pavanas;R. das Pavanas
600;22 de Fevereiro - Domingo;Ninguem Dorme;13:00;Butantã;Pça. Elis Regina;Tv. Pereira do Lago
601;22 de Fevereiro - Domingo;Bloco Desculpinha Esfarrapada;13:00;Cerqueira César;R. da Consolação;R. da Consolação
602;22 de Fevereiro - Domingo;Pipoca da Rainha;13:00;Consolação;R. da Consolação 2101;R. da Consolação 585
603;22 de Fevereiro - Domingo;Bloco Da Vaca;13:00;Ipiranga;R. dos Ituanos;R. dos Ituanos
604;22 de Fevereiro - Domingo;Bloco Eco Campos Pholia;13:00;Jardim Sao Joaquim;R. Ipel;Rua Ipel
605;22 de Fevereiro - Domingo;Bloco Confraternidade;13:00;Moema;Av. Jurema;Al. dos Anapurus
606;22 de Fevereiro - Domingo;I Love Paraisópolis Skate;13:00;Paraisópolis;R. Rudolf Lotze 55;R. Rudolf Lotze 350
607;22 de Fevereiro - Domingo;Bloco Nega véia;13:00;Parque Santo Antônio;"R. José Joaquim Gonçalves R. Maria Amélia Gouveia André; R. Amaro Gomes de Andrade";R. José Joaquim Gonçalves
608;22 de Fevereiro - Domingo;Esquerda Ligera;13:00;Pinheiros;R. Antonio Bicudo;R. Antonio Bicudo
609;22 de Fevereiro - Domingo;Bloco Jornada nas Estrelas;13:00;Pinheiros;R. Dos Pinheiros 762;R. Dos Pinheiros 54
610;22 de Fevereiro - Domingo;Bloco do Furduncinho;13:00;Pinheiros;R. Ferreira de Araújo;R. Padre Carvalho
611;22 de Fevereiro - Domingo;G.r.c.s.e.s. acadêmicos do parque Bristol;13:00;Sacoma;R. João José da Silva;R. Antônio José vaz
612;22 de Fevereiro - Domingo;FAVELA CHIC;13:00;Sapopemba;R. Isabel 185;R. Isabel 680
613;22 de Fevereiro - Domingo;Favela Folia Fest;13:00;Sapopemba;R. Sargento Luis Rodrigues Filho;R. Sargento Aires Silva Dias
614;22 de Fevereiro - Domingo;Caldeirão do Samba da Dobrada;13:00;Vila Baruel;R. Dobrada 165;R. Dobrada 03
615;22 de Fevereiro - Domingo;Bloco Tatuapé vem ai;13:00;Vila Gomes Cardim;Largo Nossa Senhora do Bom Parto;Largo Nossa Senhora do Bom Parto
616;22 de Fevereiro - Domingo;Bloco Carnavalesco Arrastão da Vila Guarani;13:00;Vila Guarani (Zona Sul);R. Teresa Toedtli;R. Edgard Pereira
617;22 de Fevereiro - Domingo;Bloco da Laluca;13:00;Vila Guilhermina;R. Jordânia;Pça. Nossa Senhora Anunciação
618;22 de Fevereiro - Domingo;Bloco Beats;13:00;Vila Mariana;Ibirapuera - Av. Pedro Álvares Cabral;entre Obelisco e Monumento às Bandeiras
619;22 de Fevereiro - Domingo;Bloco carnavalesco só quem tem problema em casa;13:00;Vila Medeiros;R. Goianésia 186;R. Goianésia 11
620;22 de Fevereiro - Domingo;Bloco Meu Amigo Charlie;13:00;Vila Olímpia;R. Caetano Velasco;R. Quatá
621;22 de Fevereiro - Domingo;Bloco Quebraê;13:00;Vila Oratorio;R. Henrique Schaumann 567;R. Henrique Schaumann 125
622;22 de Fevereiro - Domingo;Bloco Carnavalesco Levanta Quem Cai;13:00;Vila Salete;Pça. Serra de Tapes;Pça. Serra de Tapes
623;22 de Fevereiro - Domingo;Bloco do Vietnã;13:30;Vila Santa Catarina;R. Franklin Magalhaes;R. Franklin Magalhaes
624;22 de Fevereiro - Domingo;Bloco Evoé Zé;14:00;Bela Vista;R. Jaceguai;R. Abolição
625;22 de Fevereiro - Domingo;Bloco das Danietes;14:00;Butantã;R. José Alvares Maciel;R. João Firvida Blanco
626;22 de Fevereiro - Domingo;Bloco Va Toma Na Cupecê;14:00;Cidade Ademar;R. Antonio Gil 837;R. Antonio Gil 595
627;22 de Fevereiro - Domingo;Bloco da Ressaca;14:00;Jardim Ipanema (Zona Sul);Av. Francisco de Carvalho 48;Av. Francisco de Carvalho 162
628;22 de Fevereiro - Domingo;Bloco Kazunji;14:00;Jardim Peri Peri;Av. Junta Mizomoto;R. Plinio Salgado
629;22 de Fevereiro - Domingo;Bloco Tradição da Parada Inglesa;14:00;Jardim São Paulo;R. Viri;R. Viri
630;22 de Fevereiro - Domingo;Bloco Jah é;14:00;Parque Sao Luis;R. Ernesto Maietta;R. Soror Maria Celeste
631;22 de Fevereiro - Domingo;Filhos de Glande;14:00;Pinheiros;R. Campo Alegre;R. Campo Alegre
632;22 de Fevereiro - Domingo;CarnaCadoz - Reggae e Rock;14:00;Tremembé;Pça. Dona Mariquinha Sciascia;Pça. Dona Mariquinha Sciascia
633;22 de Fevereiro - Domingo;Bloco Cultural Carnavalesco Boêmios da Madame;14:00;Vila Aurora (Zona Norte);Av. Engenheiro Caetano Álvares 6600;Av. Engenheiro Caetano Álvares 7000
634;22 de Fevereiro - Domingo;Te Pego no Cantinho;14:00;Vila Indiana;R. Boturoca;R. Nobre Vieira
635;22 de Fevereiro - Domingo;Bloco de Pífanos de São Paulo;14:00;Vila Madalena;R. Girassol;R. Girassol
636;22 de Fevereiro - Domingo;Bloco do Síndico;14:00;Vila Nova Conceição;Av. Helio Pellegrino 200;Av. Helio Pellegrino 800
637;22 de Fevereiro - Domingo;BLOCO UNIÃO;14:00;Vila Oratorio;R. Ribeirão Branco;R. Ribeirão Branco
638;22 de Fevereiro - Domingo;Bloquinho dos Jatobazinhos;15:00;Conjunto Residencial José Bonifácio;Av. Nagib Farah Maluf 1209;Av. Nagib Farah Maluf 1410
639;22 de Fevereiro - Domingo;Bloco Carnaval Seu Bebelier;15:00;Vila Mascote;Av. Damasceno Vieira;Av. Damasceno Vieira
640;22 de Fevereiro - Domingo;Gringolôco;16:00;Pinheiros;R. Inácio Pereira da Rocha 385;R. Inácio Pereira da Rocha 231
641;22 de Fevereiro - Domingo;Bloco do Chocolatte;16:00;Vila Maria/Vila Guilherme;Pça. dos Trotadores;Pça. dos Trotadores
